<?xml version="1.0" encoding="UTF-8"?>

<rdf:RDF
  xmlns:rdf="http://www.w3.org/1999/02/22-rdf-syntax-ns#"
  xmlns="http://purl.org/rss/1.0/"
  xmlns:enc="http://purl.oclc.org/net/rss_2.0/enc#"
  xmlns:ev="http://purl.org/rss/1.0/modules/event/"
  xmlns:content="http://purl.org/rss/1.0/modules/content/"
  xmlns:dcterms="http://purl.org/dc/terms/"
  xmlns:syn="http://purl.org/rss/1.0/modules/syndication/"
  xmlns:dc="http://purl.org/dc/elements/1.1/"
  xmlns:taxo="http://purl.org/rss/1.0/modules/taxonomy/"
  xmlns:admin="http://webns.net/mvcb/"
  >

  <channel rdf:about="https://seattle.craigslist.org/search/w4m?format=rss">
    <title>craigslist seattle | women seeking men search</title>
    <link>https://seattle.craigslist.org/search/w4m</link>
    <description></description>
    <dc:language>en-us</dc:language>
    <dc:rights>&#x26;copy; 2015 &#x3C;span class="desktop"&#x3E;craigslist&#x3C;/span&#x3E;&#x3C;span class="mobile"&#x3E;CL&#x3C;/span&#x3E;</dc:rights>
    <dc:publisher>robot@craigslist.org</dc:publisher>
    <dc:creator>robot@craigslist.org</dc:creator>
    <dc:source>https://seattle.craigslist.org/search/w4m?format=rss</dc:source>
    <dc:title>craigslist seattle | women seeking men search</dc:title>
    <dc:type>Collection</dc:type>
    <syn:updateBase>2015-09-16T00:56:00-07:00</syn:updateBase>
    <syn:updateFrequency>1</syn:updateFrequency>
    <syn:updatePeriod>hourly</syn:updatePeriod>
    <items>
      <rdf:Seq>
        <rdf:li rdf:resource="http://seattle.craigslist.org/est/w4m/5223960973.html"/>
        <rdf:li rdf:resource="http://seattle.craigslist.org/oly/w4m/5224024337.html"/>
        <rdf:li rdf:resource="http://seattle.craigslist.org/see/w4m/5224017132.html"/>
        <rdf:li rdf:resource="http://seattle.craigslist.org/est/w4m/5220056565.html"/>
        <rdf:li rdf:resource="http://seattle.craigslist.org/kit/w4m/5223996161.html"/>
        <rdf:li rdf:resource="http://seattle.craigslist.org/sno/w4m/5223995824.html"/>
        <rdf:li rdf:resource="http://seattle.craigslist.org/see/w4m/5224009860.html"/>
        <rdf:li rdf:resource="http://seattle.craigslist.org/tac/w4m/5219363496.html"/>
        <rdf:li rdf:resource="http://seattle.craigslist.org/est/w4m/5223997528.html"/>
        <rdf:li rdf:resource="http://seattle.craigslist.org/see/w4m/5223993976.html"/>
        <rdf:li rdf:resource="http://seattle.craigslist.org/est/w4m/5223992212.html"/>
        <rdf:li rdf:resource="http://seattle.craigslist.org/see/w4m/5223936509.html"/>
        <rdf:li rdf:resource="http://seattle.craigslist.org/skc/w4m/5223991557.html"/>
        <rdf:li rdf:resource="http://seattle.craigslist.org/skc/w4m/5223986183.html"/>
        <rdf:li rdf:resource="http://seattle.craigslist.org/sno/w4m/5214312980.html"/>
        <rdf:li rdf:resource="http://seattle.craigslist.org/see/w4m/5223921834.html"/>
        <rdf:li rdf:resource="http://seattle.craigslist.org/see/w4m/5223965406.html"/>
        <rdf:li rdf:resource="http://seattle.craigslist.org/see/w4m/5223935715.html"/>
        <rdf:li rdf:resource="http://seattle.craigslist.org/see/w4m/5223790898.html"/>
        <rdf:li rdf:resource="http://seattle.craigslist.org/see/w4m/5223760999.html"/>
        <rdf:li rdf:resource="http://seattle.craigslist.org/tac/w4m/5223773721.html"/>
        <rdf:li rdf:resource="http://seattle.craigslist.org/see/w4m/5223753657.html"/>
        <rdf:li rdf:resource="http://seattle.craigslist.org/sno/w4m/5223727128.html"/>
        <rdf:li rdf:resource="http://seattle.craigslist.org/sno/w4m/5223669545.html"/>
        <rdf:li rdf:resource="http://seattle.craigslist.org/see/w4m/5221924688.html"/>
      </rdf:Seq>
    </items>
  </channel>
  <item rdf:about="http://seattle.craigslist.org/est/w4m/5223960973.html">
    <title><![CDATA[tonight? (Seattle)]]></title>
    <link>http://seattle.craigslist.org/est/w4m/5223960973.html</link>
    <description>
      <![CDATA[Looking to chat with someone tonight. Im 26 extremely fit. 5'6. Blonde hair . Send me a pic lets talk and see if maybe we can connect enough that we can cuddle soon. ;) put your favorite animal in the subject line so i know you are real]]></description>
    <dc:date>2015-09-15T23:50:32-07:00</dc:date>
    <dc:language>en-us</dc:language>
    <dc:rights>&#x26;copy; 2015 &#x3C;span class="desktop"&#x3E;craigslist&#x3C;/span&#x3E;&#x3C;span class="mobile"&#x3E;CL&#x3C;/span&#x3E;</dc:rights>
    <dc:source>http://seattle.craigslist.org/est/w4m/5223960973.html</dc:source>
    <dc:title><![CDATA[tonight? (Seattle)]]></dc:title>
    <dc:type>text</dc:type>
    <dcterms:issued>2015-09-15T23:50:32-07:00</dcterms:issued>
  </item>
  <item rdf:about="http://seattle.craigslist.org/oly/w4m/5224024337.html">
    <title><![CDATA[looking for whats missing]]></title>
    <link>http://seattle.craigslist.org/oly/w4m/5224024337.html</link>
    <description>
      <![CDATA[It feels like its been so long since I have been able to find and be with someone who I truly connect with. I am a deep thinker, and I have a big compassionate heart. I have a good head on my shoulders and I know what I'm looking for. but now days it [...]]]></description>
    <dc:date>2015-09-15T23:26:00-07:00</dc:date>
    <dc:language>en-us</dc:language>
    <dc:rights>&#x26;copy; 2015 &#x3C;span class="desktop"&#x3E;craigslist&#x3C;/span&#x3E;&#x3C;span class="mobile"&#x3E;CL&#x3C;/span&#x3E;</dc:rights>
    <dc:source>http://seattle.craigslist.org/oly/w4m/5224024337.html</dc:source>
    <dc:title><![CDATA[looking for whats missing]]></dc:title>
    <dc:type>text</dc:type>
    <dcterms:issued>2015-09-15T23:26:00-07:00</dcterms:issued>
  </item>
  <item rdf:about="http://seattle.craigslist.org/see/w4m/5224017132.html">
    <title><![CDATA[Let's see where the road takes us :)]]></title>
    <link>http://seattle.craigslist.org/see/w4m/5224017132.html</link>
    <description><![CDATA[Hi. :)
I'm interested in getting to know someone and form some sort of relationship. I'm open to friends or something more if it happens. I never saw myself posting on CL but I'm making another attempt in a different way to connect with someone. 
An [...]]]></description>
    <dc:date>2015-09-15T23:01:27-07:00</dc:date>
    <dc:language>en-us</dc:language>
    <dc:rights>&#x26;copy; 2015 &#x3C;span class="desktop"&#x3E;craigslist&#x3C;/span&#x3E;&#x3C;span class="mobile"&#x3E;CL&#x3C;/span&#x3E;</dc:rights>
    <dc:source>http://seattle.craigslist.org/see/w4m/5224017132.html</dc:source>
    <dc:title><![CDATA[Let's see where the road takes us :)]]></dc:title>
    <dc:type>text</dc:type>
    <dcterms:issued>2015-09-15T23:01:27-07:00</dcterms:issued>
  </item>
  <item rdf:about="http://seattle.craigslist.org/est/w4m/5220056565.html">
    <title><![CDATA[Seeking my forever Master (Issaquah/Bellevue)]]></title>
    <link>http://seattle.craigslist.org/est/w4m/5220056565.html</link>
    <description>
      <![CDATA[Maybe this is impossible to find. A Master who will love me, and isn't just looking to play around until he gets bored. I suppose now it's time to try here but I'll admit, I'm skeptical. Is it even possible to find someone on here who can challenge m [...]]]></description>
    <dc:date>2015-09-15T22:59:20-07:00</dc:date>
    <dc:language>en-us</dc:language>
    <dc:rights>&#x26;copy; 2015 &#x3C;span class="desktop"&#x3E;craigslist&#x3C;/span&#x3E;&#x3C;span class="mobile"&#x3E;CL&#x3C;/span&#x3E;</dc:rights>
    <dc:source>http://seattle.craigslist.org/est/w4m/5220056565.html</dc:source>
    <dc:title><![CDATA[Seeking my forever Master (Issaquah/Bellevue)]]></dc:title>
    <dc:type>text</dc:type>
    <dcterms:issued>2015-09-15T22:59:20-07:00</dcterms:issued>
  </item>
  <item rdf:about="http://seattle.craigslist.org/kit/w4m/5223996161.html">
    <title><![CDATA[Lonely College Girl seeking a real man for loving &kissing (kitsap co)]]></title>
    <link>http://seattle.craigslist.org/kit/w4m/5223996161.html</link>
    <description><![CDATA[Cute 21 y/o college girl looking for a daddy to cuddle with. I've been lonely lately and the sweater weather is slowly approaching.
Likes: Drinks, Game of Thrones, Shopping, Sushi, Laughing, Pets, Shopping ?? Traveling ?? 
Dislikes: Being Pressured, [...]]]></description>
    <dc:date>2015-09-15T22:55:07-07:00</dc:date>
    <dc:language>en-us</dc:language>
    <dc:rights>&#x26;copy; 2015 &#x3C;span class="desktop"&#x3E;craigslist&#x3C;/span&#x3E;&#x3C;span class="mobile"&#x3E;CL&#x3C;/span&#x3E;</dc:rights>
    <dc:source>http://seattle.craigslist.org/kit/w4m/5223996161.html</dc:source>
    <dc:title><![CDATA[Lonely College Girl seeking a real man for loving &kissing (kitsap co)]]></dc:title>
    <dc:type>text</dc:type>
    <dcterms:issued>2015-09-15T22:55:07-07:00</dcterms:issued>
  </item>
  <item rdf:about="http://seattle.craigslist.org/sno/w4m/5223995824.html">
    <title><![CDATA[seeking for a longterm relationship with Asian girl? (snohomish co)]]></title>
    <link>http://seattle.craigslist.org/sno/w4m/5223995824.html</link>
    <description><![CDATA[are you attracted to asian girls? Are you ready to marry if you find a right girl? then read further.
I am an Asian woman looking for a best friend first and possibly lead to a marriage. I am educate, intelligent, funny, fit and traveled and am told [...]]]></description>
    <dc:date>2015-09-15T22:54:29-07:00</dc:date>
    <dc:language>en-us</dc:language>
    <dc:rights>&#x26;copy; 2015 &#x3C;span class="desktop"&#x3E;craigslist&#x3C;/span&#x3E;&#x3C;span class="mobile"&#x3E;CL&#x3C;/span&#x3E;</dc:rights>
    <dc:source>http://seattle.craigslist.org/sno/w4m/5223995824.html</dc:source>
    <dc:title><![CDATA[seeking for a longterm relationship with Asian girl? (snohomish co)]]></dc:title>
    <dc:type>text</dc:type>
    <dcterms:issued>2015-09-15T22:54:29-07:00</dcterms:issued>
  </item>
  <item rdf:about="http://seattle.craigslist.org/see/w4m/5224009860.html">
    <title><![CDATA[Adventure Time (Seattle)]]></title>
    <link>http://seattle.craigslist.org/see/w4m/5224009860.html</link>
    <description><![CDATA[Well here I sit. Alone again. Husband has been having an affair for a year and a half now. Time for me to have fun.
I like Mother Nature, photography, music, movies, animals etc. We could go on walks, bike rides or hikes. I love exploring the city.  [...]]]></description>
    <dc:date>2015-09-15T22:41:35-07:00</dc:date>
    <dc:language>en-us</dc:language>
    <dc:rights>&#x26;copy; 2015 &#x3C;span class="desktop"&#x3E;craigslist&#x3C;/span&#x3E;&#x3C;span class="mobile"&#x3E;CL&#x3C;/span&#x3E;</dc:rights>
    <dc:source>http://seattle.craigslist.org/see/w4m/5224009860.html</dc:source>
    <dc:title><![CDATA[Adventure Time (Seattle)]]></dc:title>
    <dc:type>text</dc:type>
    <dcterms:issued>2015-09-15T22:41:35-07:00</dcterms:issued>
  </item>
  <item rdf:about="http://seattle.craigslist.org/tac/w4m/5219363496.html">
    <title><![CDATA[looking a new fwb (tacoma)]]></title>
    <link>http://seattle.craigslist.org/tac/w4m/5219363496.html</link>
    <description><![CDATA[SWF, BBW, 5'5", 46DDD, natural - not shaved, passionate, selective.
Looking for a non-smoker, younger, handsome guy with his own place. 
A guy who loves going down on a girl. I'm not dominant but want someone who is available every other weekend and [...]]]></description>
    <dc:date>2015-09-15T22:35:03-07:00</dc:date>
    <dc:language>en-us</dc:language>
    <dc:rights>&#x26;copy; 2015 &#x3C;span class="desktop"&#x3E;craigslist&#x3C;/span&#x3E;&#x3C;span class="mobile"&#x3E;CL&#x3C;/span&#x3E;</dc:rights>
    <dc:source>http://seattle.craigslist.org/tac/w4m/5219363496.html</dc:source>
    <dc:title><![CDATA[looking a new fwb (tacoma)]]></dc:title>
    <dc:type>text</dc:type>
    <dcterms:issued>2015-09-15T22:35:03-07:00</dcterms:issued>
  </item>
  <item rdf:about="http://seattle.craigslist.org/est/w4m/5223997528.html">
    <title><![CDATA[A sd that seeks (bothell)]]></title>
    <link>http://seattle.craigslist.org/est/w4m/5223997528.html</link>
    <description><![CDATA[A professional that wants a woman that will only be monogamous with you and take care of her in your moments together. She'll be the woman you can call or text and keep you smiling.
You will be genuine, sweet, loving and have that soft touch. Nice l [...]]]></description>
    <dc:date>2015-09-15T22:29:43-07:00</dc:date>
    <dc:language>en-us</dc:language>
    <dc:rights>&#x26;copy; 2015 &#x3C;span class="desktop"&#x3E;craigslist&#x3C;/span&#x3E;&#x3C;span class="mobile"&#x3E;CL&#x3C;/span&#x3E;</dc:rights>
    <dc:source>http://seattle.craigslist.org/est/w4m/5223997528.html</dc:source>
    <dc:title><![CDATA[A sd that seeks (bothell)]]></dc:title>
    <dc:type>text</dc:type>
    <dcterms:issued>2015-09-15T22:29:43-07:00</dcterms:issued>
  </item>
  <item rdf:about="http://seattle.craigslist.org/see/w4m/5223993976.html">
    <title><![CDATA[Kissing - Yes Please!!looking new playmate,best to night (seattle)]]></title>
    <link>http://seattle.craigslist.org/see/w4m/5223993976.html</link>
    <description>
      <![CDATA[Does anybody still know the slow passionate art of kissing or everything is still wham baam goodbye maam !! People just want sex. Sometimes fun intimate things like cuddling, touching, eye contact, tempting, teasing, putting fingers thru the hair, ta [...]]]></description>
    <dc:date>2015-09-15T22:16:04-07:00</dc:date>
    <dc:language>en-us</dc:language>
    <dc:rights>&#x26;copy; 2015 &#x3C;span class="desktop"&#x3E;craigslist&#x3C;/span&#x3E;&#x3C;span class="mobile"&#x3E;CL&#x3C;/span&#x3E;</dc:rights>
    <dc:source>http://seattle.craigslist.org/see/w4m/5223993976.html</dc:source>
    <dc:title><![CDATA[Kissing - Yes Please!!looking new playmate,best to night (seattle)]]></dc:title>
    <dc:type>text</dc:type>
    <dcterms:issued>2015-09-15T22:16:04-07:00</dcterms:issued>
  </item>
  <item rdf:about="http://seattle.craigslist.org/est/w4m/5223992212.html">
    <title><![CDATA[Trying my luck]]></title>
    <link>http://seattle.craigslist.org/est/w4m/5223992212.html</link>
    <description><![CDATA[Hello,
I've been divorced for over a year and I feel it's time to meet new people. I'm 33 years old, Asian, live in the eastside with my child. 
I'm looking for someone nice, honest, hard worker and knows how to be a gentleman. I'm open to anyone be [...]]]></description>
    <dc:date>2015-09-15T22:09:52-07:00</dc:date>
    <dc:language>en-us</dc:language>
    <dc:rights>&#x26;copy; 2015 &#x3C;span class="desktop"&#x3E;craigslist&#x3C;/span&#x3E;&#x3C;span class="mobile"&#x3E;CL&#x3C;/span&#x3E;</dc:rights>
    <dc:source>http://seattle.craigslist.org/est/w4m/5223992212.html</dc:source>
    <dc:title><![CDATA[Trying my luck]]></dc:title>
    <dc:type>text</dc:type>
    <dcterms:issued>2015-09-15T22:09:52-07:00</dcterms:issued>
  </item>
  <item rdf:about="http://seattle.craigslist.org/see/w4m/5223936509.html">
    <title><![CDATA[@@@@@@@@@@@@@@@@@FOXRETttttttttttttttttt......42 yer.....Tonight NiGhT]]></title>
    <link>http://seattle.craigslist.org/see/w4m/5223936509.html</link>
    <description>
      <![CDATA[Hey guys I'm a 42 yer girl looking for someone to come play with me right now! I'm 5'8 150 lbs long brown hair green eyes beautiful. need sex..... ]]></description>
    <dc:date>2015-09-15T22:04:32-07:00</dc:date>
    <dc:language>en-us</dc:language>
    <dc:rights>&#x26;copy; 2015 &#x3C;span class="desktop"&#x3E;craigslist&#x3C;/span&#x3E;&#x3C;span class="mobile"&#x3E;CL&#x3C;/span&#x3E;</dc:rights>
    <dc:source>http://seattle.craigslist.org/see/w4m/5223936509.html</dc:source>
    <dc:title><![CDATA[@@@@@@@@@@@@@@@@@FOXRETttttttttttttttttt......42 yer.....Tonight NiGhT]]></dc:title>
    <dc:type>text</dc:type>
    <dcterms:issued>2015-09-15T22:04:32-07:00</dcterms:issued>
  </item>
  <item rdf:about="http://seattle.craigslist.org/skc/w4m/5223991557.html">
    <title><![CDATA[Taking a leap (Federal Way)]]></title>
    <link>http://seattle.craigslist.org/skc/w4m/5223991557.html</link>
    <description>
      <![CDATA[So here is the deal. I am a 39 year old single mother of 2 teenage boys. I want someone who knows how to be the man in the relationship. I want to have the nights out playing darts but also mostly those nights in with a good beer or bottle of wine, N [...]]]></description>
    <dc:date>2015-09-15T21:58:44-07:00</dc:date>
    <dc:language>en-us</dc:language>
    <dc:rights>&#x26;copy; 2015 &#x3C;span class="desktop"&#x3E;craigslist&#x3C;/span&#x3E;&#x3C;span class="mobile"&#x3E;CL&#x3C;/span&#x3E;</dc:rights>
    <dc:source>http://seattle.craigslist.org/skc/w4m/5223991557.html</dc:source>
    <dc:title><![CDATA[Taking a leap (Federal Way)]]></dc:title>
    <dc:type>text</dc:type>
    <dcterms:issued>2015-09-15T21:58:44-07:00</dcterms:issued>
  </item>
  <item rdf:about="http://seattle.craigslist.org/skc/w4m/5223986183.html">
    <title><![CDATA[hsv2 here! looking for something real!!! (Renton, Wa)]]></title>
    <link>http://seattle.craigslist.org/skc/w4m/5223986183.html</link>
    <description><![CDATA[Hey! I am 25 years old. a few things about me is
I am a white female, I am thick/bbw, about 5'4, with brown hair blue/green eyes. i get complments on having sexy eyes. 
I have a full time job. 
I am Mature for my age. 
I can drive and have my own ca [...]]]></description>
    <dc:date>2015-09-15T21:56:56-07:00</dc:date>
    <dc:language>en-us</dc:language>
    <dc:rights>&#x26;copy; 2015 &#x3C;span class="desktop"&#x3E;craigslist&#x3C;/span&#x3E;&#x3C;span class="mobile"&#x3E;CL&#x3C;/span&#x3E;</dc:rights>
    <dc:source>http://seattle.craigslist.org/skc/w4m/5223986183.html</dc:source>
    <dc:title><![CDATA[hsv2 here! looking for something real!!! (Renton, Wa)]]></dc:title>
    <dc:type>text</dc:type>
    <enc:enclosure resource="http://images.craigslist.org/01010_fPn2oIC0OqJ_300x300.jpg" type="image/jpeg"/>
    <dcterms:issued>2015-09-15T21:56:56-07:00</dcterms:issued>
  </item>
  <item rdf:about="http://seattle.craigslist.org/sno/w4m/5214312980.html">
    <title><![CDATA[Creating a new chapter... (Somewhere close...)]]></title>
    <link>http://seattle.craigslist.org/sno/w4m/5214312980.html</link>
    <description><![CDATA[Hello,
Thank you for taking the time to read my post :) 
I know this is CL and I may have unrealistic expectations that I might find what I am looking for, but sometimes you just have to take chances in life as you never know what can happen, and I  [...]]]></description>
    <dc:date>2015-09-15T21:44:45-07:00</dc:date>
    <dc:language>en-us</dc:language>
    <dc:rights>&#x26;copy; 2015 &#x3C;span class="desktop"&#x3E;craigslist&#x3C;/span&#x3E;&#x3C;span class="mobile"&#x3E;CL&#x3C;/span&#x3E;</dc:rights>
    <dc:source>http://seattle.craigslist.org/sno/w4m/5214312980.html</dc:source>
    <dc:title><![CDATA[Creating a new chapter... (Somewhere close...)]]></dc:title>
    <dc:type>text</dc:type>
    <dcterms:issued>2015-09-15T21:44:45-07:00</dcterms:issued>
  </item>
  <item rdf:about="http://seattle.craigslist.org/see/w4m/5223921834.html">
    <title><![CDATA[Ride out into the sunset with me (seattle)]]></title>
    <link>http://seattle.craigslist.org/see/w4m/5223921834.html</link>
    <description>
      <![CDATA[Tired of this lonely existence - failed marriage, tired of watching tv alone, tired of eating alone, doing everything alone. Let's get in the car and head north with the radio on the oldies station; let's talk; let's laugh; let's get to know each oth [...]]]></description>
    <dc:date>2015-09-15T21:30:57-07:00</dc:date>
    <dc:language>en-us</dc:language>
    <dc:rights>&#x26;copy; 2015 &#x3C;span class="desktop"&#x3E;craigslist&#x3C;/span&#x3E;&#x3C;span class="mobile"&#x3E;CL&#x3C;/span&#x3E;</dc:rights>
    <dc:source>http://seattle.craigslist.org/see/w4m/5223921834.html</dc:source>
    <dc:title><![CDATA[Ride out into the sunset with me (seattle)]]></dc:title>
    <dc:type>text</dc:type>
    <dcterms:issued>2015-09-15T21:30:57-07:00</dcterms:issued>
  </item>
  <item rdf:about="http://seattle.craigslist.org/see/w4m/5223965406.html">
    <title><![CDATA[HSV+ for HSV+?]]></title>
    <link>http://seattle.craigslist.org/see/w4m/5223965406.html</link>
    <description><![CDATA[Yup, I have herpes. How's that for an opening line?
I've had it for many years. I've accepted it and I don't find it to be a big deal. 
But it's a lot easier to put my cards on the table now to avoid the awkward conversation later. 
I'm open to what [...]]]></description>
    <dc:date>2015-09-15T21:23:03-07:00</dc:date>
    <dc:language>en-us</dc:language>
    <dc:rights>&#x26;copy; 2015 &#x3C;span class="desktop"&#x3E;craigslist&#x3C;/span&#x3E;&#x3C;span class="mobile"&#x3E;CL&#x3C;/span&#x3E;</dc:rights>
    <dc:source>http://seattle.craigslist.org/see/w4m/5223965406.html</dc:source>
    <dc:title><![CDATA[HSV+ for HSV+?]]></dc:title>
    <dc:type>text</dc:type>
    <dcterms:issued>2015-09-15T21:23:03-07:00</dcterms:issued>
  </item>
  <item rdf:about="http://seattle.craigslist.org/see/w4m/5223935715.html">
    <title><![CDATA[Open Heart, Outdoorsy, Optimist Seeks Right One (N part of Seattle)]]></title>
    <link>http://seattle.craigslist.org/see/w4m/5223935715.html</link>
    <description><![CDATA[Prof SWF 67, seeks SWM 62-72
Hello, 
I would love to meet the right one for me who does many active, healthy, reflective pursuits including- 
+ bikes ( have experience going on 20-30 mile rides) , hikes ( I begin short hikes these days), yoga , gym, [...]]]></description>
    <dc:date>2015-09-15T20:43:32-07:00</dc:date>
    <dc:language>en-us</dc:language>
    <dc:rights>&#x26;copy; 2015 &#x3C;span class="desktop"&#x3E;craigslist&#x3C;/span&#x3E;&#x3C;span class="mobile"&#x3E;CL&#x3C;/span&#x3E;</dc:rights>
    <dc:source>http://seattle.craigslist.org/see/w4m/5223935715.html</dc:source>
    <dc:title><![CDATA[Open Heart, Outdoorsy, Optimist Seeks Right One (N part of Seattle)]]></dc:title>
    <dc:type>text</dc:type>
    <dcterms:issued>2015-09-15T20:43:32-07:00</dcterms:issued>
  </item>
  <item rdf:about="http://seattle.craigslist.org/see/w4m/5223790898.html">
    <title><![CDATA[My ideal partner is a good man with a good heart (seattle)]]></title>
    <link>http://seattle.craigslist.org/see/w4m/5223790898.html</link>
    <description><![CDATA[I am very easygoing person, who values honesty, devoted love and tender relationship. I love cooking and take care about people I love. I am not lazy person. I am faithful and very romantic. I have a good sense of humor.
I would like to meet a serio [...]]]></description>
    <dc:date>2015-09-15T19:51:55-07:00</dc:date>
    <dc:language>en-us</dc:language>
    <dc:rights>&#x26;copy; 2015 &#x3C;span class="desktop"&#x3E;craigslist&#x3C;/span&#x3E;&#x3C;span class="mobile"&#x3E;CL&#x3C;/span&#x3E;</dc:rights>
    <dc:source>http://seattle.craigslist.org/see/w4m/5223790898.html</dc:source>
    <dc:title><![CDATA[My ideal partner is a good man with a good heart (seattle)]]></dc:title>
    <dc:type>text</dc:type>
    <dcterms:issued>2015-09-15T19:51:55-07:00</dcterms:issued>
  </item>
  <item rdf:about="http://seattle.craigslist.org/see/w4m/5223760999.html">
    <title><![CDATA[Looking for my sweet soulmate are you him (tacoma wa)]]></title>
    <link>http://seattle.craigslist.org/see/w4m/5223760999.html</link>
    <description>
      <![CDATA[Not your typical ad , In reality been fishing for a guy and lately only catching seaweed. Life is too short to be alone and finding right guy is hard since most lie to you or break your heart. Might have been giving losers more attention than someone [...]]]></description>
    <dc:date>2015-09-15T18:24:00-07:00</dc:date>
    <dc:language>en-us</dc:language>
    <dc:rights>&#x26;copy; 2015 &#x3C;span class="desktop"&#x3E;craigslist&#x3C;/span&#x3E;&#x3C;span class="mobile"&#x3E;CL&#x3C;/span&#x3E;</dc:rights>
    <dc:source>http://seattle.craigslist.org/see/w4m/5223760999.html</dc:source>
    <dc:title><![CDATA[Looking for my sweet soulmate are you him (tacoma wa)]]></dc:title>
    <dc:type>text</dc:type>
    <dcterms:issued>2015-09-15T18:24:00-07:00</dcterms:issued>
  </item>
  <item rdf:about="http://seattle.craigslist.org/tac/w4m/5223773721.html">
    <title><![CDATA[Bbw seeks true gentleman? (Tacoma)]]></title>
    <link>http://seattle.craigslist.org/tac/w4m/5223773721.html</link>
    <description>
      <![CDATA[It's a Tuesday evening, almost 6 pm and I have been bored at work all day. I'm a real girl! I am in the market for a new boyfriend. I am very pretty. I take care of my hygiene and shave all the right parts. I have a big booty and nice (pierced) breas [...]]]></description>
    <dc:date>2015-09-15T17:58:25-07:00</dc:date>
    <dc:language>en-us</dc:language>
    <dc:rights>&#x26;copy; 2015 &#x3C;span class="desktop"&#x3E;craigslist&#x3C;/span&#x3E;&#x3C;span class="mobile"&#x3E;CL&#x3C;/span&#x3E;</dc:rights>
    <dc:source>http://seattle.craigslist.org/tac/w4m/5223773721.html</dc:source>
    <dc:title><![CDATA[Bbw seeks true gentleman? (Tacoma)]]></dc:title>
    <dc:type>text</dc:type>
    <enc:enclosure resource="http://images.craigslist.org/00K0K_3e5nCXVYnib_300x300.jpg" type="image/jpeg"/>
    <dcterms:issued>2015-09-15T17:58:25-07:00</dcterms:issued>
  </item>
  <item rdf:about="http://seattle.craigslist.org/see/w4m/5223753657.html">
    <title><![CDATA[look for handsome guy with quality]]></title>
    <link>http://seattle.craigslist.org/see/w4m/5223753657.html</link>
    <description>
      <![CDATA[I am good looking intelligent women with a kind heart. I am from southern china but speak fairly good english . I work and live in vancouver, and like driving lots and drove seattle many times also . so I would like to get to know some news friends i [...]]]></description>
    <dc:date>2015-09-15T17:42:06-07:00</dc:date>
    <dc:language>en-us</dc:language>
    <dc:rights>&#x26;copy; 2015 &#x3C;span class="desktop"&#x3E;craigslist&#x3C;/span&#x3E;&#x3C;span class="mobile"&#x3E;CL&#x3C;/span&#x3E;</dc:rights>
    <dc:source>http://seattle.craigslist.org/see/w4m/5223753657.html</dc:source>
    <dc:title><![CDATA[look for handsome guy with quality]]></dc:title>
    <dc:type>text</dc:type>
    <enc:enclosure resource="http://images.craigslist.org/00j0j_8Iphtel1x1l_300x300.jpg" type="image/jpeg"/>
    <dcterms:issued>2015-09-15T17:42:06-07:00</dcterms:issued>
  </item>
  <item rdf:about="http://seattle.craigslist.org/sno/w4m/5223727128.html">
    <title><![CDATA[Hey you! (Everett)]]></title>
    <link>http://seattle.craigslist.org/sno/w4m/5223727128.html</link>
    <description><![CDATA[Me: Blonde Hair, Blue eyes, 36 D with a great body to match
You: All boy looking for fun and adventure 
I am looking for a man that would like to kick back, watch some football, cuddle up and see what happens from there. 
pic for pic]]></description>
    <dc:date>2015-09-15T17:29:02-07:00</dc:date>
    <dc:language>en-us</dc:language>
    <dc:rights>&#x26;copy; 2015 &#x3C;span class="desktop"&#x3E;craigslist&#x3C;/span&#x3E;&#x3C;span class="mobile"&#x3E;CL&#x3C;/span&#x3E;</dc:rights>
    <dc:source>http://seattle.craigslist.org/sno/w4m/5223727128.html</dc:source>
    <dc:title><![CDATA[Hey you! (Everett)]]></dc:title>
    <dc:type>text</dc:type>
    <dcterms:issued>2015-09-15T17:29:02-07:00</dcterms:issued>
  </item>
  <item rdf:about="http://seattle.craigslist.org/sno/w4m/5223669545.html">
    <title><![CDATA[Warm, Attractive, mature in yrs, Woman seeking Good Man (Seattle)]]></title>
    <link>http://seattle.craigslist.org/sno/w4m/5223669545.html</link>
    <description><![CDATA[More info after we connect. Pls be 45+ and clean-cut, reliable, decent. Im blond, short hair, affectionate (with the right man) selective, attractive, mature widow, with many interests. Nice person seeking same. Prefer UK man.
Im educated, love Natu [...]]]></description>
    <dc:date>2015-09-15T17:04:48-07:00</dc:date>
    <dc:language>en-us</dc:language>
    <dc:rights>&#x26;copy; 2015 &#x3C;span class="desktop"&#x3E;craigslist&#x3C;/span&#x3E;&#x3C;span class="mobile"&#x3E;CL&#x3C;/span&#x3E;</dc:rights>
    <dc:source>http://seattle.craigslist.org/sno/w4m/5223669545.html</dc:source>
    <dc:title><![CDATA[Warm, Attractive, mature in yrs, Woman seeking Good Man (Seattle)]]></dc:title>
    <dc:type>text</dc:type>
    <dcterms:issued>2015-09-15T17:04:48-07:00</dcterms:issued>
  </item>
  <item rdf:about="http://seattle.craigslist.org/see/w4m/5221924688.html">
    <title><![CDATA[Beautiful, Fall (Seattle)]]></title>
    <link>http://seattle.craigslist.org/see/w4m/5221924688.html</link>
    <description>
      <![CDATA[Swirling leaves and wool blankets and red wine. Artistic early 40s blonde seeks mature, articulate gentleman for symphony and oysters.]]></description>
    <dc:date>2015-09-15T17:00:03-07:00</dc:date>
    <dc:language>en-us</dc:language>
    <dc:rights>&#x26;copy; 2015 &#x3C;span class="desktop"&#x3E;craigslist&#x3C;/span&#x3E;&#x3C;span class="mobile"&#x3E;CL&#x3C;/span&#x3E;</dc:rights>
    <dc:source>http://seattle.craigslist.org/see/w4m/5221924688.html</dc:source>
    <dc:title><![CDATA[Beautiful, Fall (Seattle)]]></dc:title>
    <dc:type>text</dc:type>
    <dcterms:issued>2015-09-15T17:00:03-07:00</dcterms:issued>
  </item>
</rdf:RDF>