# start time, end time, title, notes
00:06:35.0,00:07:53.0,Pandora,notes,keep skip
00:07:54.0,00:09:32.0,Jake,notes,keep skip
00:09:40.0,00:10:19.0,Journal,notes,keep skip
00:10:31.0,00:12:04.0,Grace,notes,keep skip
00:12:21.0,00:14:00.0,Parker,notes,keep skip
00:16:10.0,00:18:11.0,Avatar,notes,keep skip
00:20:16.0,00:20:51.0,Michele,notes,keep skip
00:20:59.0,00:23:39.0,Spy,notes,keep skip
00:28:01.0,00:29:26.0,Field,notes,keep skip
00:37:38.0,00:39:37.0,Girl,notes,keep skip
00:45:11.0,00:47:18.0,Tribe,notes,keep skip
00:48:43.0,00:50:58.0,Safe,notes,keep skip
00:50:59.0,00:51:51.0,Day 2,notes,keep skip
00:52:06.0,00:53:29.0,Horse,notes,keep skip
00:56:58.0,00:57:36.0,Remote,notes,keep skip
00:58:24.0,00:59:14.0,Dragon,notes,keep skip
01:16:53.0,01:17:40.0,TarotMakto,notes,keep skip
01:18:50.0,01:20:22.0,Done,notes,keep skip
01:22:45.0,01:24:04.0,Mate,notes,keep skip
01:28:38.0,01:31:20.0,Sent,notes,keep skip
01:35:05.0,01:36:05.0,Attack,notes,keep skip
01:36:29.0,01:37:54.0,Warning,notes,keep skip
01:48:30.0,01:50:54.0,Escape,notes,keep skip
01:50:58.0,01:52:55.0,Shot,notes,keep skip
01:53:36.0,01:53:54.0,No Plan,notes,keep skip
01:57:20.0,01:58:43.0,Savior,notes,keep skip
02:02:15.0,02:03:30.0,Dead,notes,keep skip
02:05:30.0,02:06:47.0,Gather,notes,keep skip
02:07:17.0,02:08:18.0,Plan,notes,keep skip
02:08:25.0,02:09:59.0,Pray,notes,keep skip