<?xml version="1.0" encoding="UTF-8"?>
<!DOCTYPE mapper PUBLIC "-//mybatis.org//DTD Mapper 3.0//EN" "http://mybatis.org/dtd/mybatis-3-mapper.dtd">
<mapper namespace="com.menlospark.dialog.generated.mybatis.mapper.SentencePhraseMapper">
  <resultMap id="BaseResultMap" type="com.menlospark.dialog.generated.mybatis.model.SentencePhrase">
    <!--
      WARNING - @mbggenerated
      This element is automatically generated by MyBatis Generator, do not modify.
    -->
    <result column="sentence_phrases_id" jdbcType="BIGINT" property="sentencePhrasesId" />
    <result column="phrase_id" jdbcType="BIGINT" property="phraseId" />
    <result column="phrases_idx" jdbcType="INTEGER" property="phrasesIdx" />
  </resultMap>
  <sql id="Example_Where_Clause">
    <!--
      WARNING - @mbggenerated
      This element is automatically generated by MyBatis Generator, do not modify.
    -->
    <where>
      <foreach collection="oredCriteria" item="criteria" separator="or">
        <if test="criteria.valid">
          <trim prefix="(" prefixOverrides="and" suffix=")">
            <foreach collection="criteria.criteria" item="criterion">
              <choose>
                <when test="criterion.noValue">
                  and ${criterion.condition}
                </when>
                <when test="criterion.singleValue">
                  and ${criterion.condition} #{criterion.value}
                </when>
                <when test="criterion.betweenValue">
                  and ${criterion.condition} #{criterion.value} and #{criterion.secondValue}
                </when>
                <when test="criterion.listValue">
                  and ${criterion.condition}
                  <foreach close=")" collection="criterion.value" item="listItem" open="(" separator=",">
                    #{listItem}
                  </foreach>
                </when>
              </choose>
            </foreach>
          </trim>
        </if>
      </foreach>
    </where>
  </sql>
  <sql id="Update_By_Example_Where_Clause">
    <!--
      WARNING - @mbggenerated
      This element is automatically generated by MyBatis Generator, do not modify.
    -->
    <where>
      <foreach collection="example.oredCriteria" item="criteria" separator="or">
        <if test="criteria.valid">
          <trim prefix="(" prefixOverrides="and" suffix=")">
            <foreach collection="criteria.criteria" item="criterion">
              <choose>
                <when test="criterion.noValue">
                  and ${criterion.condition}
                </when>
                <when test="criterion.singleValue">
                  and ${criterion.condition} #{criterion.value}
                </when>
                <when test="criterion.betweenValue">
                  and ${criterion.condition} #{criterion.value} and #{criterion.secondValue}
                </when>
                <when test="criterion.listValue">
                  and ${criterion.condition}
                  <foreach close=")" collection="criterion.value" item="listItem" open="(" separator=",">
                    #{listItem}
                  </foreach>
                </when>
              </choose>
            </foreach>
          </trim>
        </if>
      </foreach>
    </where>
  </sql>
  <sql id="Base_Column_List">
    <!--
      WARNING - @mbggenerated
      This element is automatically generated by MyBatis Generator, do not modify.
    -->
    sentence_phrases_id, phrase_id, phrases_idx
  </sql>
  <select id="selectByExample" parameterType="com.menlospark.dialog.generated.mybatis.model.SentencePhraseExample" resultMap="BaseResultMap">
    <!--
      WARNING - @mbggenerated
      This element is automatically generated by MyBatis Generator, do not modify.
    -->
    select
    <if test="distinct">
      distinct
    </if>
    <include refid="Base_Column_List" />
    from sentence_phrase
    <if test="_parameter != null">
      <include refid="Example_Where_Clause" />
    </if>
    <if test="orderByClause != null">
      order by ${orderByClause}
    </if>
  </select>
  <delete id="deleteByExample" parameterType="com.menlospark.dialog.generated.mybatis.model.SentencePhraseExample">
    <!--
      WARNING - @mbggenerated
      This element is automatically generated by MyBatis Generator, do not modify.
    -->
    delete from sentence_phrase
    <if test="_parameter != null">
      <include refid="Example_Where_Clause" />
    </if>
  </delete>
  <insert id="insert" parameterType="com.menlospark.dialog.generated.mybatis.model.SentencePhrase">
    <!--
      WARNING - @mbggenerated
      This element is automatically generated by MyBatis Generator, do not modify.
    -->
    insert into sentence_phrase (sentence_phrases_id, phrase_id, phrases_idx
      )
    values (#{sentencePhrasesId,jdbcType=BIGINT}, #{phraseId,jdbcType=BIGINT}, #{phrasesIdx,jdbcType=INTEGER}
      )
  </insert>
  <insert id="insertSelective" parameterType="com.menlospark.dialog.generated.mybatis.model.SentencePhrase">
    <!--
      WARNING - @mbggenerated
      This element is automatically generated by MyBatis Generator, do not modify.
    -->
    insert into sentence_phrase
    <trim prefix="(" suffix=")" suffixOverrides=",">
      <if test="sentencePhrasesId != null">
        sentence_phrases_id,
      </if>
      <if test="phraseId != null">
        phrase_id,
      </if>
      <if test="phrasesIdx != null">
        phrases_idx,
      </if>
    </trim>
    <trim prefix="values (" suffix=")" suffixOverrides=",">
      <if test="sentencePhrasesId != null">
        #{sentencePhrasesId,jdbcType=BIGINT},
      </if>
      <if test="phraseId != null">
        #{phraseId,jdbcType=BIGINT},
      </if>
      <if test="phrasesIdx != null">
        #{phrasesIdx,jdbcType=INTEGER},
      </if>
    </trim>
  </insert>
  <select id="countByExample" parameterType="com.menlospark.dialog.generated.mybatis.model.SentencePhraseExample" resultType="java.lang.Integer">
    <!--
      WARNING - @mbggenerated
      This element is automatically generated by MyBatis Generator, do not modify.
    -->
    select count(*) from sentence_phrase
    <if test="_parameter != null">
      <include refid="Example_Where_Clause" />
    </if>
  </select>
  <update id="updateByExampleSelective" parameterType="map">
    <!--
      WARNING - @mbggenerated
      This element is automatically generated by MyBatis Generator, do not modify.
    -->
    update sentence_phrase
    <set>
      <if test="record.sentencePhrasesId != null">
        sentence_phrases_id = #{record.sentencePhrasesId,jdbcType=BIGINT},
      </if>
      <if test="record.phraseId != null">
        phrase_id = #{record.phraseId,jdbcType=BIGINT},
      </if>
      <if test="record.phrasesIdx != null">
        phrases_idx = #{record.phrasesIdx,jdbcType=INTEGER},
      </if>
    </set>
    <if test="_parameter != null">
      <include refid="Update_By_Example_Where_Clause" />
    </if>
  </update>
  <update id="updateByExample" parameterType="map">
    <!--
      WARNING - @mbggenerated
      This element is automatically generated by MyBatis Generator, do not modify.
    -->
    update sentence_phrase
    set sentence_phrases_id = #{record.sentencePhrasesId,jdbcType=BIGINT},
      phrase_id = #{record.phraseId,jdbcType=BIGINT},
      phrases_idx = #{record.phrasesIdx,jdbcType=INTEGER}
    <if test="_parameter != null">
      <include refid="Update_By_Example_Where_Clause" />
    </if>
  </update>
</mapper>