<?xml version="1.0" encoding="UTF-8"?>
<!DOCTYPE mapper PUBLIC "-//mybatis.org//DTD Mapper 3.0//EN" "http://mybatis.org/dtd/mybatis-3-mapper.dtd">
<mapper namespace="com.menlospark.dialog.generated.mybatis.mapper.SentenceLessonSentenceMapper">
  <resultMap id="BaseResultMap" type="com.menlospark.dialog.generated.mybatis.model.SentenceLessonSentence">
    <!--
      WARNING - @mbggenerated
      This element is automatically generated by MyBatis Generator, do not modify.
    -->
    <result column="sentence_lesson_sentences_id" jdbcType="BIGINT" property="sentenceLessonSentencesId" />
    <result column="sentence_id" jdbcType="BIGINT" property="sentenceId" />
    <result column="sentences_idx" jdbcType="INTEGER" property="sentencesIdx" />
  </resultMap>
  <sql id="Example_Where_Clause">
    <!--
      WARNING - @mbggenerated
      This element is automatically generated by MyBatis Generator, do not modify.
    -->
    <where>
      <foreach collection="oredCriteria" item="criteria" separator="or">
        <if test="criteria.valid">
          <trim prefix="(" prefixOverrides="and" suffix=")">
            <foreach collection="criteria.criteria" item="criterion">
              <choose>
                <when test="criterion.noValue">
                  and ${criterion.condition}
                </when>
                <when test="criterion.singleValue">
                  and ${criterion.condition} #{criterion.value}
                </when>
                <when test="criterion.betweenValue">
                  and ${criterion.condition} #{criterion.value} and #{criterion.secondValue}
                </when>
                <when test="criterion.listValue">
                  and ${criterion.condition}
                  <foreach close=")" collection="criterion.value" item="listItem" open="(" separator=",">
                    #{listItem}
                  </foreach>
                </when>
              </choose>
            </foreach>
          </trim>
        </if>
      </foreach>
    </where>
  </sql>
  <sql id="Update_By_Example_Where_Clause">
    <!--
      WARNING - @mbggenerated
      This element is automatically generated by MyBatis Generator, do not modify.
    -->
    <where>
      <foreach collection="example.oredCriteria" item="criteria" separator="or">
        <if test="criteria.valid">
          <trim prefix="(" prefixOverrides="and" suffix=")">
            <foreach collection="criteria.criteria" item="criterion">
              <choose>
                <when test="criterion.noValue">
                  and ${criterion.condition}
                </when>
                <when test="criterion.singleValue">
                  and ${criterion.condition} #{criterion.value}
                </when>
                <when test="criterion.betweenValue">
                  and ${criterion.condition} #{criterion.value} and #{criterion.secondValue}
                </when>
                <when test="criterion.listValue">
                  and ${criterion.condition}
                  <foreach close=")" collection="criterion.value" item="listItem" open="(" separator=",">
                    #{listItem}
                  </foreach>
                </when>
              </choose>
            </foreach>
          </trim>
        </if>
      </foreach>
    </where>
  </sql>
  <sql id="Base_Column_List">
    <!--
      WARNING - @mbggenerated
      This element is automatically generated by MyBatis Generator, do not modify.
    -->
    sentence_lesson_sentences_id, sentence_id, sentences_idx
  </sql>
  <select id="selectByExample" parameterType="com.menlospark.dialog.generated.mybatis.model.SentenceLessonSentenceExample" resultMap="BaseResultMap">
    <!--
      WARNING - @mbggenerated
      This element is automatically generated by MyBatis Generator, do not modify.
    -->
    select
    <if test="distinct">
      distinct
    </if>
    <include refid="Base_Column_List" />
    from sentence_lesson_sentence
    <if test="_parameter != null">
      <include refid="Example_Where_Clause" />
    </if>
    <if test="orderByClause != null">
      order by ${orderByClause}
    </if>
  </select>
  <delete id="deleteByExample" parameterType="com.menlospark.dialog.generated.mybatis.model.SentenceLessonSentenceExample">
    <!--
      WARNING - @mbggenerated
      This element is automatically generated by MyBatis Generator, do not modify.
    -->
    delete from sentence_lesson_sentence
    <if test="_parameter != null">
      <include refid="Example_Where_Clause" />
    </if>
  </delete>
  <insert id="insert" parameterType="com.menlospark.dialog.generated.mybatis.model.SentenceLessonSentence">
    <!--
      WARNING - @mbggenerated
      This element is automatically generated by MyBatis Generator, do not modify.
    -->
    insert into sentence_lesson_sentence (sentence_lesson_sentences_id, sentence_id, 
      sentences_idx)
    values (#{sentenceLessonSentencesId,jdbcType=BIGINT}, #{sentenceId,jdbcType=BIGINT}, 
      #{sentencesIdx,jdbcType=INTEGER})
  </insert>
  <insert id="insertSelective" parameterType="com.menlospark.dialog.generated.mybatis.model.SentenceLessonSentence">
    <!--
      WARNING - @mbggenerated
      This element is automatically generated by MyBatis Generator, do not modify.
    -->
    insert into sentence_lesson_sentence
    <trim prefix="(" suffix=")" suffixOverrides=",">
      <if test="sentenceLessonSentencesId != null">
        sentence_lesson_sentences_id,
      </if>
      <if test="sentenceId != null">
        sentence_id,
      </if>
      <if test="sentencesIdx != null">
        sentences_idx,
      </if>
    </trim>
    <trim prefix="values (" suffix=")" suffixOverrides=",">
      <if test="sentenceLessonSentencesId != null">
        #{sentenceLessonSentencesId,jdbcType=BIGINT},
      </if>
      <if test="sentenceId != null">
        #{sentenceId,jdbcType=BIGINT},
      </if>
      <if test="sentencesIdx != null">
        #{sentencesIdx,jdbcType=INTEGER},
      </if>
    </trim>
  </insert>
  <select id="countByExample" parameterType="com.menlospark.dialog.generated.mybatis.model.SentenceLessonSentenceExample" resultType="java.lang.Integer">
    <!--
      WARNING - @mbggenerated
      This element is automatically generated by MyBatis Generator, do not modify.
    -->
    select count(*) from sentence_lesson_sentence
    <if test="_parameter != null">
      <include refid="Example_Where_Clause" />
    </if>
  </select>
  <update id="updateByExampleSelective" parameterType="map">
    <!--
      WARNING - @mbggenerated
      This element is automatically generated by MyBatis Generator, do not modify.
    -->
    update sentence_lesson_sentence
    <set>
      <if test="record.sentenceLessonSentencesId != null">
        sentence_lesson_sentences_id = #{record.sentenceLessonSentencesId,jdbcType=BIGINT},
      </if>
      <if test="record.sentenceId != null">
        sentence_id = #{record.sentenceId,jdbcType=BIGINT},
      </if>
      <if test="record.sentencesIdx != null">
        sentences_idx = #{record.sentencesIdx,jdbcType=INTEGER},
      </if>
    </set>
    <if test="_parameter != null">
      <include refid="Update_By_Example_Where_Clause" />
    </if>
  </update>
  <update id="updateByExample" parameterType="map">
    <!--
      WARNING - @mbggenerated
      This element is automatically generated by MyBatis Generator, do not modify.
    -->
    update sentence_lesson_sentence
    set sentence_lesson_sentences_id = #{record.sentenceLessonSentencesId,jdbcType=BIGINT},
      sentence_id = #{record.sentenceId,jdbcType=BIGINT},
      sentences_idx = #{record.sentencesIdx,jdbcType=INTEGER}
    <if test="_parameter != null">
      <include refid="Update_By_Example_Where_Clause" />
    </if>
  </update>


    <!--
    ***************************************************************************************************
    **** custom sql begin *****************************************************************************
    ***************************************************************************************************
    -->

    <select id="findLearnableSLXS" resultMap="BaseResultMap">
    SELECT slxs.*
    FROM sentence_lesson sl
        JOIN sentence_lesson_sentence slxs ON sl.id = slxs.sentence_lesson_sentences_id
    WHERE sl.status LIKE 'learnable%'
    ORDER BY slxs.sentence_lesson_sentences_id, slxs.sentence_id, slxs.sentences_idx
    </select>


   <!--
    ***************************************************************************************************
    **** custom sql end *****************************************************************************
    ***************************************************************************************************
    -->
</mapper>