<?xml version="1.0" encoding="UTF-8"?>
<!DOCTYPE mapper PUBLIC "-//mybatis.org//DTD Mapper 3.0//EN" "http://mybatis.org/dtd/mybatis-3-mapper.dtd">
<mapper namespace="com.menlospark.dialog.generated.mybatis.mapper.SentenceLessonMapper">
  <resultMap id="BaseResultMap" type="com.menlospark.dialog.generated.mybatis.model.SentenceLesson">
    <!--
      WARNING - @mbggenerated
      This element is automatically generated by MyBatis Generator, do not modify.
    -->
    <id column="id" jdbcType="BIGINT" property="id" />
    <result column="version" jdbcType="BIGINT" property="version" />
    <result column="created" jdbcType="TIMESTAMP" property="created" />
    <result column="title" jdbcType="VARCHAR" property="title" />
    <result column="status" jdbcType="VARCHAR" property="status" />
    <result column="guid" jdbcType="BIGINT" property="guid" />
    <result column="note" jdbcType="VARCHAR" property="note" />
    <result column="visible" jdbcType="VARCHAR" property="visible" />
  </resultMap>
  <sql id="Example_Where_Clause">
    <!--
      WARNING - @mbggenerated
      This element is automatically generated by MyBatis Generator, do not modify.
    -->
    <where>
      <foreach collection="oredCriteria" item="criteria" separator="or">
        <if test="criteria.valid">
          <trim prefix="(" prefixOverrides="and" suffix=")">
            <foreach collection="criteria.criteria" item="criterion">
              <choose>
                <when test="criterion.noValue">
                  and ${criterion.condition}
                </when>
                <when test="criterion.singleValue">
                  and ${criterion.condition} #{criterion.value}
                </when>
                <when test="criterion.betweenValue">
                  and ${criterion.condition} #{criterion.value} and #{criterion.secondValue}
                </when>
                <when test="criterion.listValue">
                  and ${criterion.condition}
                  <foreach close=")" collection="criterion.value" item="listItem" open="(" separator=",">
                    #{listItem}
                  </foreach>
                </when>
              </choose>
            </foreach>
          </trim>
        </if>
      </foreach>
    </where>
  </sql>
  <sql id="Update_By_Example_Where_Clause">
    <!--
      WARNING - @mbggenerated
      This element is automatically generated by MyBatis Generator, do not modify.
    -->
    <where>
      <foreach collection="example.oredCriteria" item="criteria" separator="or">
        <if test="criteria.valid">
          <trim prefix="(" prefixOverrides="and" suffix=")">
            <foreach collection="criteria.criteria" item="criterion">
              <choose>
                <when test="criterion.noValue">
                  and ${criterion.condition}
                </when>
                <when test="criterion.singleValue">
                  and ${criterion.condition} #{criterion.value}
                </when>
                <when test="criterion.betweenValue">
                  and ${criterion.condition} #{criterion.value} and #{criterion.secondValue}
                </when>
                <when test="criterion.listValue">
                  and ${criterion.condition}
                  <foreach close=")" collection="criterion.value" item="listItem" open="(" separator=",">
                    #{listItem}
                  </foreach>
                </when>
              </choose>
            </foreach>
          </trim>
        </if>
      </foreach>
    </where>
  </sql>
  <sql id="Base_Column_List">
    <!--
      WARNING - @mbggenerated
      This element is automatically generated by MyBatis Generator, do not modify.
    -->
    id, version, created, title, status, guid, note, visible
  </sql>
  <select id="selectByExample" parameterType="com.menlospark.dialog.generated.mybatis.model.SentenceLessonExample" resultMap="BaseResultMap">
    <!--
      WARNING - @mbggenerated
      This element is automatically generated by MyBatis Generator, do not modify.
    -->
    select
    <if test="distinct">
      distinct
    </if>
    <include refid="Base_Column_List" />
    from sentence_lesson
    <if test="_parameter != null">
      <include refid="Example_Where_Clause" />
    </if>
    <if test="orderByClause != null">
      order by ${orderByClause}
    </if>
  </select>
  <select id="selectByPrimaryKey" parameterType="java.lang.Long" resultMap="BaseResultMap">
    <!--
      WARNING - @mbggenerated
      This element is automatically generated by MyBatis Generator, do not modify.
    -->
    select 
    <include refid="Base_Column_List" />
    from sentence_lesson
    where id = #{id,jdbcType=BIGINT}
  </select>
  <delete id="deleteByPrimaryKey" parameterType="java.lang.Long">
    <!--
      WARNING - @mbggenerated
      This element is automatically generated by MyBatis Generator, do not modify.
    -->
    delete from sentence_lesson
    where id = #{id,jdbcType=BIGINT}
  </delete>
  <delete id="deleteByExample" parameterType="com.menlospark.dialog.generated.mybatis.model.SentenceLessonExample">
    <!--
      WARNING - @mbggenerated
      This element is automatically generated by MyBatis Generator, do not modify.
    -->
    delete from sentence_lesson
    <if test="_parameter != null">
      <include refid="Example_Where_Clause" />
    </if>
  </delete>
  <insert id="insert" parameterType="com.menlospark.dialog.generated.mybatis.model.SentenceLesson">
    <!--
      WARNING - @mbggenerated
      This element is automatically generated by MyBatis Generator, do not modify.
    -->
    insert into sentence_lesson (version, created, title, 
      status, guid, note, 
      visible)
    values (#{version,jdbcType=BIGINT}, #{created,jdbcType=TIMESTAMP}, #{title,jdbcType=VARCHAR}, 
      #{status,jdbcType=VARCHAR}, #{guid,jdbcType=BIGINT}, #{note,jdbcType=VARCHAR}, 
      #{visible,jdbcType=VARCHAR})
    <selectKey keyProperty="id" resultType="java.lang.Long">
      SELECT LAST_INSERT_ID()
    </selectKey>
  </insert>
  <insert id="insertSelective" parameterType="com.menlospark.dialog.generated.mybatis.model.SentenceLesson">
    <!--
      WARNING - @mbggenerated
      This element is automatically generated by MyBatis Generator, do not modify.
    -->
    insert into sentence_lesson
    <trim prefix="(" suffix=")" suffixOverrides=",">
      <if test="version != null">
        version,
      </if>
      <if test="created != null">
        created,
      </if>
      <if test="title != null">
        title,
      </if>
      <if test="status != null">
        status,
      </if>
      <if test="guid != null">
        guid,
      </if>
      <if test="note != null">
        note,
      </if>
      <if test="visible != null">
        visible,
      </if>
    </trim>
    <trim prefix="values (" suffix=")" suffixOverrides=",">
      <if test="version != null">
        #{version,jdbcType=BIGINT},
      </if>
      <if test="created != null">
        #{created,jdbcType=TIMESTAMP},
      </if>
      <if test="title != null">
        #{title,jdbcType=VARCHAR},
      </if>
      <if test="status != null">
        #{status,jdbcType=VARCHAR},
      </if>
      <if test="guid != null">
        #{guid,jdbcType=BIGINT},
      </if>
      <if test="note != null">
        #{note,jdbcType=VARCHAR},
      </if>
      <if test="visible != null">
        #{visible,jdbcType=VARCHAR},
      </if>
    </trim>
    <selectKey keyProperty="id" resultType="java.lang.Long">
      SELECT LAST_INSERT_ID()
    </selectKey>
  </insert>
  <select id="countByExample" parameterType="com.menlospark.dialog.generated.mybatis.model.SentenceLessonExample" resultType="java.lang.Integer">
    <!--
      WARNING - @mbggenerated
      This element is automatically generated by MyBatis Generator, do not modify.
    -->
    select count(*) from sentence_lesson
    <if test="_parameter != null">
      <include refid="Example_Where_Clause" />
    </if>
  </select>
  <update id="updateByExampleSelective" parameterType="map">
    <!--
      WARNING - @mbggenerated
      This element is automatically generated by MyBatis Generator, do not modify.
    -->
    update sentence_lesson
    <set>
      <if test="record.id != null">
        id = #{record.id,jdbcType=BIGINT},
      </if>
      <if test="record.version != null">
        version = #{record.version,jdbcType=BIGINT},
      </if>
      <if test="record.created != null">
        created = #{record.created,jdbcType=TIMESTAMP},
      </if>
      <if test="record.title != null">
        title = #{record.title,jdbcType=VARCHAR},
      </if>
      <if test="record.status != null">
        status = #{record.status,jdbcType=VARCHAR},
      </if>
      <if test="record.guid != null">
        guid = #{record.guid,jdbcType=BIGINT},
      </if>
      <if test="record.note != null">
        note = #{record.note,jdbcType=VARCHAR},
      </if>
      <if test="record.visible != null">
        visible = #{record.visible,jdbcType=VARCHAR},
      </if>
    </set>
    <if test="_parameter != null">
      <include refid="Update_By_Example_Where_Clause" />
    </if>
  </update>
  <update id="updateByExample" parameterType="map">
    <!--
      WARNING - @mbggenerated
      This element is automatically generated by MyBatis Generator, do not modify.
    -->
    update sentence_lesson
    set id = #{record.id,jdbcType=BIGINT},
      version = #{record.version,jdbcType=BIGINT},
      created = #{record.created,jdbcType=TIMESTAMP},
      title = #{record.title,jdbcType=VARCHAR},
      status = #{record.status,jdbcType=VARCHAR},
      guid = #{record.guid,jdbcType=BIGINT},
      note = #{record.note,jdbcType=VARCHAR},
      visible = #{record.visible,jdbcType=VARCHAR}
    <if test="_parameter != null">
      <include refid="Update_By_Example_Where_Clause" />
    </if>
  </update>
  <update id="updateByPrimaryKeySelective" parameterType="com.menlospark.dialog.generated.mybatis.model.SentenceLesson">
    <!--
      WARNING - @mbggenerated
      This element is automatically generated by MyBatis Generator, do not modify.
    -->
    update sentence_lesson
    <set>
      <if test="version != null">
        version = #{version,jdbcType=BIGINT},
      </if>
      <if test="created != null">
        created = #{created,jdbcType=TIMESTAMP},
      </if>
      <if test="title != null">
        title = #{title,jdbcType=VARCHAR},
      </if>
      <if test="status != null">
        status = #{status,jdbcType=VARCHAR},
      </if>
      <if test="guid != null">
        guid = #{guid,jdbcType=BIGINT},
      </if>
      <if test="note != null">
        note = #{note,jdbcType=VARCHAR},
      </if>
      <if test="visible != null">
        visible = #{visible,jdbcType=VARCHAR},
      </if>
    </set>
    where id = #{id,jdbcType=BIGINT}
  </update>
  <update id="updateByPrimaryKey" parameterType="com.menlospark.dialog.generated.mybatis.model.SentenceLesson">
    <!--
      WARNING - @mbggenerated
      This element is automatically generated by MyBatis Generator, do not modify.
    -->
    update sentence_lesson
    set version = #{version,jdbcType=BIGINT},
      created = #{created,jdbcType=TIMESTAMP},
      title = #{title,jdbcType=VARCHAR},
      status = #{status,jdbcType=VARCHAR},
      guid = #{guid,jdbcType=BIGINT},
      note = #{note,jdbcType=VARCHAR},
      visible = #{visible,jdbcType=VARCHAR}
    where id = #{id,jdbcType=BIGINT}
  </update>

    <!--
    ***************************************************************************************************
    **** custom sql begin *****************************************************************************
    ***************************************************************************************************
    -->

    <select id="findLearnableSL" resultMap="BaseResultMap">
        SELECT sl.*
        FROM sentence_lesson sl
        WHERE sl.status LIKE 'learnable%'
        ORDER BY sl.title ASC
    </select>


   <!--
    ***************************************************************************************************
    **** custom sql end *******************************************************************************
    ***************************************************************************************************
    -->
</mapper>