<?xml version="1.0" encoding="UTF-8"?>
<!DOCTYPE mapper PUBLIC "-//mybatis.org//DTD Mapper 3.0//EN" "http://mybatis.org/dtd/mybatis-3-mapper.dtd">
<mapper namespace="com.menlospark.dialog.generated.mybatis.mapper.SentenceMapper">
  <resultMap id="BaseResultMap" type="com.menlospark.dialog.generated.mybatis.model.Sentence">
    <!--
      WARNING - @mbggenerated
      This element is automatically generated by MyBatis Generator, do not modify.
    -->
    <id column="id" jdbcType="BIGINT" property="id" />
    <result column="version" jdbcType="BIGINT" property="version" />
    <result column="english" jdbcType="VARCHAR" property="english" />
    <result column="speaker_role" jdbcType="VARCHAR" property="speakerRole" />
    <result column="guid" jdbcType="BIGINT" property="guid" />
    <result column="note" jdbcType="VARCHAR" property="note" />
    <result column="sound_session_id" jdbcType="BIGINT" property="soundSessionId" />
    <result column="translator_id" jdbcType="BIGINT" property="translatorId" />
  </resultMap>
  <sql id="Example_Where_Clause">
    <!--
      WARNING - @mbggenerated
      This element is automatically generated by MyBatis Generator, do not modify.
    -->
    <where>
      <foreach collection="oredCriteria" item="criteria" separator="or">
        <if test="criteria.valid">
          <trim prefix="(" prefixOverrides="and" suffix=")">
            <foreach collection="criteria.criteria" item="criterion">
              <choose>
                <when test="criterion.noValue">
                  and ${criterion.condition}
                </when>
                <when test="criterion.singleValue">
                  and ${criterion.condition} #{criterion.value}
                </when>
                <when test="criterion.betweenValue">
                  and ${criterion.condition} #{criterion.value} and #{criterion.secondValue}
                </when>
                <when test="criterion.listValue">
                  and ${criterion.condition}
                  <foreach close=")" collection="criterion.value" item="listItem" open="(" separator=",">
                    #{listItem}
                  </foreach>
                </when>
              </choose>
            </foreach>
          </trim>
        </if>
      </foreach>
    </where>
  </sql>
  <sql id="Update_By_Example_Where_Clause">
    <!--
      WARNING - @mbggenerated
      This element is automatically generated by MyBatis Generator, do not modify.
    -->
    <where>
      <foreach collection="example.oredCriteria" item="criteria" separator="or">
        <if test="criteria.valid">
          <trim prefix="(" prefixOverrides="and" suffix=")">
            <foreach collection="criteria.criteria" item="criterion">
              <choose>
                <when test="criterion.noValue">
                  and ${criterion.condition}
                </when>
                <when test="criterion.singleValue">
                  and ${criterion.condition} #{criterion.value}
                </when>
                <when test="criterion.betweenValue">
                  and ${criterion.condition} #{criterion.value} and #{criterion.secondValue}
                </when>
                <when test="criterion.listValue">
                  and ${criterion.condition}
                  <foreach close=")" collection="criterion.value" item="listItem" open="(" separator=",">
                    #{listItem}
                  </foreach>
                </when>
              </choose>
            </foreach>
          </trim>
        </if>
      </foreach>
    </where>
  </sql>
  <sql id="Base_Column_List">
    <!--
      WARNING - @mbggenerated
      This element is automatically generated by MyBatis Generator, do not modify.
    -->
    id, version, english, speaker_role, guid, note, sound_session_id, translator_id
  </sql>
  <select id="selectByExample" parameterType="com.menlospark.dialog.generated.mybatis.model.SentenceExample" resultMap="BaseResultMap">
    <!--
      WARNING - @mbggenerated
      This element is automatically generated by MyBatis Generator, do not modify.
    -->
    select
    <if test="distinct">
      distinct
    </if>
    <include refid="Base_Column_List" />
    from sentence
    <if test="_parameter != null">
      <include refid="Example_Where_Clause" />
    </if>
    <if test="orderByClause != null">
      order by ${orderByClause}
    </if>
  </select>
  <select id="selectByPrimaryKey" parameterType="java.lang.Long" resultMap="BaseResultMap">
    <!--
      WARNING - @mbggenerated
      This element is automatically generated by MyBatis Generator, do not modify.
    -->
    select 
    <include refid="Base_Column_List" />
    from sentence
    where id = #{id,jdbcType=BIGINT}
  </select>
  <delete id="deleteByPrimaryKey" parameterType="java.lang.Long">
    <!--
      WARNING - @mbggenerated
      This element is automatically generated by MyBatis Generator, do not modify.
    -->
    delete from sentence
    where id = #{id,jdbcType=BIGINT}
  </delete>
  <delete id="deleteByExample" parameterType="com.menlospark.dialog.generated.mybatis.model.SentenceExample">
    <!--
      WARNING - @mbggenerated
      This element is automatically generated by MyBatis Generator, do not modify.
    -->
    delete from sentence
    <if test="_parameter != null">
      <include refid="Example_Where_Clause" />
    </if>
  </delete>
  <insert id="insert" parameterType="com.menlospark.dialog.generated.mybatis.model.Sentence">
    <!--
      WARNING - @mbggenerated
      This element is automatically generated by MyBatis Generator, do not modify.
    -->
    insert into sentence (version, english, speaker_role, 
      guid, note, sound_session_id, 
      translator_id)
    values (#{version,jdbcType=BIGINT}, #{english,jdbcType=VARCHAR}, #{speakerRole,jdbcType=VARCHAR}, 
      #{guid,jdbcType=BIGINT}, #{note,jdbcType=VARCHAR}, #{soundSessionId,jdbcType=BIGINT}, 
      #{translatorId,jdbcType=BIGINT})
    <selectKey keyProperty="id" resultType="java.lang.Long">
      SELECT LAST_INSERT_ID()
    </selectKey>
  </insert>
  <insert id="insertSelective" parameterType="com.menlospark.dialog.generated.mybatis.model.Sentence">
    <!--
      WARNING - @mbggenerated
      This element is automatically generated by MyBatis Generator, do not modify.
    -->
    insert into sentence
    <trim prefix="(" suffix=")" suffixOverrides=",">
      <if test="version != null">
        version,
      </if>
      <if test="english != null">
        english,
      </if>
      <if test="speakerRole != null">
        speaker_role,
      </if>
      <if test="guid != null">
        guid,
      </if>
      <if test="note != null">
        note,
      </if>
      <if test="soundSessionId != null">
        sound_session_id,
      </if>
      <if test="translatorId != null">
        translator_id,
      </if>
    </trim>
    <trim prefix="values (" suffix=")" suffixOverrides=",">
      <if test="version != null">
        #{version,jdbcType=BIGINT},
      </if>
      <if test="english != null">
        #{english,jdbcType=VARCHAR},
      </if>
      <if test="speakerRole != null">
        #{speakerRole,jdbcType=VARCHAR},
      </if>
      <if test="guid != null">
        #{guid,jdbcType=BIGINT},
      </if>
      <if test="note != null">
        #{note,jdbcType=VARCHAR},
      </if>
      <if test="soundSessionId != null">
        #{soundSessionId,jdbcType=BIGINT},
      </if>
      <if test="translatorId != null">
        #{translatorId,jdbcType=BIGINT},
      </if>
    </trim>
    <selectKey keyProperty="id" resultType="java.lang.Long">
      SELECT LAST_INSERT_ID()
    </selectKey>
  </insert>
  <select id="countByExample" parameterType="com.menlospark.dialog.generated.mybatis.model.SentenceExample" resultType="java.lang.Integer">
    <!--
      WARNING - @mbggenerated
      This element is automatically generated by MyBatis Generator, do not modify.
    -->
    select count(*) from sentence
    <if test="_parameter != null">
      <include refid="Example_Where_Clause" />
    </if>
  </select>
  <update id="updateByExampleSelective" parameterType="map">
    <!--
      WARNING - @mbggenerated
      This element is automatically generated by MyBatis Generator, do not modify.
    -->
    update sentence
    <set>
      <if test="record.id != null">
        id = #{record.id,jdbcType=BIGINT},
      </if>
      <if test="record.version != null">
        version = #{record.version,jdbcType=BIGINT},
      </if>
      <if test="record.english != null">
        english = #{record.english,jdbcType=VARCHAR},
      </if>
      <if test="record.speakerRole != null">
        speaker_role = #{record.speakerRole,jdbcType=VARCHAR},
      </if>
      <if test="record.guid != null">
        guid = #{record.guid,jdbcType=BIGINT},
      </if>
      <if test="record.note != null">
        note = #{record.note,jdbcType=VARCHAR},
      </if>
      <if test="record.soundSessionId != null">
        sound_session_id = #{record.soundSessionId,jdbcType=BIGINT},
      </if>
      <if test="record.translatorId != null">
        translator_id = #{record.translatorId,jdbcType=BIGINT},
      </if>
    </set>
    <if test="_parameter != null">
      <include refid="Update_By_Example_Where_Clause" />
    </if>
  </update>
  <update id="updateByExample" parameterType="map">
    <!--
      WARNING - @mbggenerated
      This element is automatically generated by MyBatis Generator, do not modify.
    -->
    update sentence
    set id = #{record.id,jdbcType=BIGINT},
      version = #{record.version,jdbcType=BIGINT},
      english = #{record.english,jdbcType=VARCHAR},
      speaker_role = #{record.speakerRole,jdbcType=VARCHAR},
      guid = #{record.guid,jdbcType=BIGINT},
      note = #{record.note,jdbcType=VARCHAR},
      sound_session_id = #{record.soundSessionId,jdbcType=BIGINT},
      translator_id = #{record.translatorId,jdbcType=BIGINT}
    <if test="_parameter != null">
      <include refid="Update_By_Example_Where_Clause" />
    </if>
  </update>
  <update id="updateByPrimaryKeySelective" parameterType="com.menlospark.dialog.generated.mybatis.model.Sentence">
    <!--
      WARNING - @mbggenerated
      This element is automatically generated by MyBatis Generator, do not modify.
    -->
    update sentence
    <set>
      <if test="version != null">
        version = #{version,jdbcType=BIGINT},
      </if>
      <if test="english != null">
        english = #{english,jdbcType=VARCHAR},
      </if>
      <if test="speakerRole != null">
        speaker_role = #{speakerRole,jdbcType=VARCHAR},
      </if>
      <if test="guid != null">
        guid = #{guid,jdbcType=BIGINT},
      </if>
      <if test="note != null">
        note = #{note,jdbcType=VARCHAR},
      </if>
      <if test="soundSessionId != null">
        sound_session_id = #{soundSessionId,jdbcType=BIGINT},
      </if>
      <if test="translatorId != null">
        translator_id = #{translatorId,jdbcType=BIGINT},
      </if>
    </set>
    where id = #{id,jdbcType=BIGINT}
  </update>
  <update id="updateByPrimaryKey" parameterType="com.menlospark.dialog.generated.mybatis.model.Sentence">
    <!--
      WARNING - @mbggenerated
      This element is automatically generated by MyBatis Generator, do not modify.
    -->
    update sentence
    set version = #{version,jdbcType=BIGINT},
      english = #{english,jdbcType=VARCHAR},
      speaker_role = #{speakerRole,jdbcType=VARCHAR},
      guid = #{guid,jdbcType=BIGINT},
      note = #{note,jdbcType=VARCHAR},
      sound_session_id = #{soundSessionId,jdbcType=BIGINT},
      translator_id = #{translatorId,jdbcType=BIGINT}
    where id = #{id,jdbcType=BIGINT}
  </update>

    <!--
    ***************************************************************************************************
    **** custom sql begin *****************************************************************************
    ***************************************************************************************************
    -->

    <select id="findLearnableS" resultMap="BaseResultMap">
    SELECT s.*
    FROM sentence_lesson sl
        JOIN sentence_lesson_sentence slxs ON sl.id = slxs.sentence_lesson_sentences_id
        JOIN sentence s ON slxs.sentence_id = s.id
    WHERE sl.status LIKE 'learnable%'
    ORDER BY slxs.sentences_idx ASC
    </select>


   <!--
    ***************************************************************************************************
    **** custom sql end *****************************************************************************
    ***************************************************************************************************
    -->
</mapper>