<?xml version="1.0" encoding="UTF-8"?>
<!DOCTYPE mapper PUBLIC "-//mybatis.org//DTD Mapper 3.0//EN" "http://mybatis.org/dtd/mybatis-3-mapper.dtd">
<mapper namespace="com.menlospark.dialog.generated.mybatis.mapper.WordMapper">
  <resultMap id="BaseResultMap" type="com.menlospark.dialog.generated.mybatis.model.Word">
    <!--
      WARNING - @mbggenerated
      This element is automatically generated by MyBatis Generator, do not modify.
    -->
    <id column="id" jdbcType="BIGINT" property="id" />
    <result column="version" jdbcType="BIGINT" property="version" />
    <result column="english" jdbcType="VARCHAR" property="english" />
    <result column="phonetic" jdbcType="VARCHAR" property="phonetic" />
    <result column="thai" jdbcType="VARCHAR" property="thai" />
    <result column="guid" jdbcType="BIGINT" property="guid" />
    <result column="thai_blob" jdbcType="VARCHAR" property="thaiBlob" />
  </resultMap>
  <sql id="Example_Where_Clause">
    <!--
      WARNING - @mbggenerated
      This element is automatically generated by MyBatis Generator, do not modify.
    -->
    <where>
      <foreach collection="oredCriteria" item="criteria" separator="or">
        <if test="criteria.valid">
          <trim prefix="(" prefixOverrides="and" suffix=")">
            <foreach collection="criteria.criteria" item="criterion">
              <choose>
                <when test="criterion.noValue">
                  and ${criterion.condition}
                </when>
                <when test="criterion.singleValue">
                  and ${criterion.condition} #{criterion.value}
                </when>
                <when test="criterion.betweenValue">
                  and ${criterion.condition} #{criterion.value} and #{criterion.secondValue}
                </when>
                <when test="criterion.listValue">
                  and ${criterion.condition}
                  <foreach close=")" collection="criterion.value" item="listItem" open="(" separator=",">
                    #{listItem}
                  </foreach>
                </when>
              </choose>
            </foreach>
          </trim>
        </if>
      </foreach>
    </where>
  </sql>
  <sql id="Update_By_Example_Where_Clause">
    <!--
      WARNING - @mbggenerated
      This element is automatically generated by MyBatis Generator, do not modify.
    -->
    <where>
      <foreach collection="example.oredCriteria" item="criteria" separator="or">
        <if test="criteria.valid">
          <trim prefix="(" prefixOverrides="and" suffix=")">
            <foreach collection="criteria.criteria" item="criterion">
              <choose>
                <when test="criterion.noValue">
                  and ${criterion.condition}
                </when>
                <when test="criterion.singleValue">
                  and ${criterion.condition} #{criterion.value}
                </when>
                <when test="criterion.betweenValue">
                  and ${criterion.condition} #{criterion.value} and #{criterion.secondValue}
                </when>
                <when test="criterion.listValue">
                  and ${criterion.condition}
                  <foreach close=")" collection="criterion.value" item="listItem" open="(" separator=",">
                    #{listItem}
                  </foreach>
                </when>
              </choose>
            </foreach>
          </trim>
        </if>
      </foreach>
    </where>
  </sql>
  <sql id="Base_Column_List">
    <!--
      WARNING - @mbggenerated
      This element is automatically generated by MyBatis Generator, do not modify.
    -->
    id, version, english, phonetic, thai, guid, thai_blob
  </sql>
  <select id="selectByExample" parameterType="com.menlospark.dialog.generated.mybatis.model.WordExample" resultMap="BaseResultMap">
    <!--
      WARNING - @mbggenerated
      This element is automatically generated by MyBatis Generator, do not modify.
    -->
    select
    <if test="distinct">
      distinct
    </if>
    <include refid="Base_Column_List" />
    from word
    <if test="_parameter != null">
      <include refid="Example_Where_Clause" />
    </if>
    <if test="orderByClause != null">
      order by ${orderByClause}
    </if>
  </select>
  <select id="selectByPrimaryKey" parameterType="java.lang.Long" resultMap="BaseResultMap">
    <!--
      WARNING - @mbggenerated
      This element is automatically generated by MyBatis Generator, do not modify.
    -->
    select 
    <include refid="Base_Column_List" />
    from word
    where id = #{id,jdbcType=BIGINT}
  </select>
  <delete id="deleteByPrimaryKey" parameterType="java.lang.Long">
    <!--
      WARNING - @mbggenerated
      This element is automatically generated by MyBatis Generator, do not modify.
    -->
    delete from word
    where id = #{id,jdbcType=BIGINT}
  </delete>
  <delete id="deleteByExample" parameterType="com.menlospark.dialog.generated.mybatis.model.WordExample">
    <!--
      WARNING - @mbggenerated
      This element is automatically generated by MyBatis Generator, do not modify.
    -->
    delete from word
    <if test="_parameter != null">
      <include refid="Example_Where_Clause" />
    </if>
  </delete>
  <insert id="insert" parameterType="com.menlospark.dialog.generated.mybatis.model.Word">
    <!--
      WARNING - @mbggenerated
      This element is automatically generated by MyBatis Generator, do not modify.
    -->
    insert into word (version, english, phonetic, 
      thai, guid, thai_blob
      )
    values (#{version,jdbcType=BIGINT}, #{english,jdbcType=VARCHAR}, #{phonetic,jdbcType=VARCHAR}, 
      #{thai,jdbcType=VARCHAR}, #{guid,jdbcType=BIGINT}, #{thaiBlob,jdbcType=VARCHAR}
      )
    <selectKey keyProperty="id" resultType="java.lang.Long">
      SELECT LAST_INSERT_ID()
    </selectKey>
  </insert>
  <insert id="insertSelective" parameterType="com.menlospark.dialog.generated.mybatis.model.Word">
    <!--
      WARNING - @mbggenerated
      This element is automatically generated by MyBatis Generator, do not modify.
    -->
    insert into word
    <trim prefix="(" suffix=")" suffixOverrides=",">
      <if test="version != null">
        version,
      </if>
      <if test="english != null">
        english,
      </if>
      <if test="phonetic != null">
        phonetic,
      </if>
      <if test="thai != null">
        thai,
      </if>
      <if test="guid != null">
        guid,
      </if>
      <if test="thaiBlob != null">
        thai_blob,
      </if>
    </trim>
    <trim prefix="values (" suffix=")" suffixOverrides=",">
      <if test="version != null">
        #{version,jdbcType=BIGINT},
      </if>
      <if test="english != null">
        #{english,jdbcType=VARCHAR},
      </if>
      <if test="phonetic != null">
        #{phonetic,jdbcType=VARCHAR},
      </if>
      <if test="thai != null">
        #{thai,jdbcType=VARCHAR},
      </if>
      <if test="guid != null">
        #{guid,jdbcType=BIGINT},
      </if>
      <if test="thaiBlob != null">
        #{thaiBlob,jdbcType=VARCHAR},
      </if>
    </trim>
    <selectKey keyProperty="id" resultType="java.lang.Long">
      SELECT LAST_INSERT_ID()
    </selectKey>
  </insert>
  <select id="countByExample" parameterType="com.menlospark.dialog.generated.mybatis.model.WordExample" resultType="java.lang.Integer">
    <!--
      WARNING - @mbggenerated
      This element is automatically generated by MyBatis Generator, do not modify.
    -->
    select count(*) from word
    <if test="_parameter != null">
      <include refid="Example_Where_Clause" />
    </if>
  </select>
  <update id="updateByExampleSelective" parameterType="map">
    <!--
      WARNING - @mbggenerated
      This element is automatically generated by MyBatis Generator, do not modify.
    -->
    update word
    <set>
      <if test="record.id != null">
        id = #{record.id,jdbcType=BIGINT},
      </if>
      <if test="record.version != null">
        version = #{record.version,jdbcType=BIGINT},
      </if>
      <if test="record.english != null">
        english = #{record.english,jdbcType=VARCHAR},
      </if>
      <if test="record.phonetic != null">
        phonetic = #{record.phonetic,jdbcType=VARCHAR},
      </if>
      <if test="record.thai != null">
        thai = #{record.thai,jdbcType=VARCHAR},
      </if>
      <if test="record.guid != null">
        guid = #{record.guid,jdbcType=BIGINT},
      </if>
      <if test="record.thaiBlob != null">
        thai_blob = #{record.thaiBlob,jdbcType=VARCHAR},
      </if>
    </set>
    <if test="_parameter != null">
      <include refid="Update_By_Example_Where_Clause" />
    </if>
  </update>
  <update id="updateByExample" parameterType="map">
    <!--
      WARNING - @mbggenerated
      This element is automatically generated by MyBatis Generator, do not modify.
    -->
    update word
    set id = #{record.id,jdbcType=BIGINT},
      version = #{record.version,jdbcType=BIGINT},
      english = #{record.english,jdbcType=VARCHAR},
      phonetic = #{record.phonetic,jdbcType=VARCHAR},
      thai = #{record.thai,jdbcType=VARCHAR},
      guid = #{record.guid,jdbcType=BIGINT},
      thai_blob = #{record.thaiBlob,jdbcType=VARCHAR}
    <if test="_parameter != null">
      <include refid="Update_By_Example_Where_Clause" />
    </if>
  </update>
  <update id="updateByPrimaryKeySelective" parameterType="com.menlospark.dialog.generated.mybatis.model.Word">
    <!--
      WARNING - @mbggenerated
      This element is automatically generated by MyBatis Generator, do not modify.
    -->
    update word
    <set>
      <if test="version != null">
        version = #{version,jdbcType=BIGINT},
      </if>
      <if test="english != null">
        english = #{english,jdbcType=VARCHAR},
      </if>
      <if test="phonetic != null">
        phonetic = #{phonetic,jdbcType=VARCHAR},
      </if>
      <if test="thai != null">
        thai = #{thai,jdbcType=VARCHAR},
      </if>
      <if test="guid != null">
        guid = #{guid,jdbcType=BIGINT},
      </if>
      <if test="thaiBlob != null">
        thai_blob = #{thaiBlob,jdbcType=VARCHAR},
      </if>
    </set>
    where id = #{id,jdbcType=BIGINT}
  </update>
  <update id="updateByPrimaryKey" parameterType="com.menlospark.dialog.generated.mybatis.model.Word">
    <!--
      WARNING - @mbggenerated
      This element is automatically generated by MyBatis Generator, do not modify.
    -->
    update word
    set version = #{version,jdbcType=BIGINT},
      english = #{english,jdbcType=VARCHAR},
      phonetic = #{phonetic,jdbcType=VARCHAR},
      thai = #{thai,jdbcType=VARCHAR},
      guid = #{guid,jdbcType=BIGINT},
      thai_blob = #{thaiBlob,jdbcType=VARCHAR}
    where id = #{id,jdbcType=BIGINT}
  </update>


    <!--
    ***************************************************************************************************
    **** custom sql begin *****************************************************************************
    ***************************************************************************************************
    -->

    <select id="findWordsBySentenceId" parameterType="java.lang.Long" resultMap="BaseResultMap">
       SELECT w.*
        FROM sentence_word sw
            JOIN word w ON sw.word_id = w.id
        WHERE sw.sentence_words_id = #{senId,jdbcType=BIGINT}
        ORDER BY sw.words_idx ASC
    </select>


   <!--
    ***************************************************************************************************
    **** custom sql end *******************************************************************************
    ***************************************************************************************************
    -->
</mapper>