<?xml version='1.0' encoding='utf-8'?>
<!DOCTYPE hibernate-configuration PUBLIC
"-//Hibernate/Hibernate Configuration DTD 3.0//EN"
"http://www.hibernate.org/dtd/hibernate-configuration-3.0.dtd">

<hibernate-configuration>
  <session-factory>
      <property name="hibernate.connection.driver_class">com.mysql.jdbc.Driver</property>
      <property name="hibernate.connection.url">jdbc:mysql://localhost:3306/dialoger_dev</property>
      <property name="hibernate.connection.username">root</property>
      <property name="connection.password">x</property>
      <property name="connection.pool_size">1</property>
      <property name="hibernate.dialect"> org.hibernate.dialect.MySQL5InnoDBDialect</property>
      <property name="show_sql">true</property>
      <property name="hbm2ddl.auto">create</property>
      <mapping class="com.menlospark.dialog.data.Contributor" />
  </session-factory>
</hibernate-configuration>

