{
  "project_info": {
    "project_number": "779344391777",
    "firebase_url": "https://flutter-auth-demo-a31e2.firebaseio.com",
    "project_id": "flutter-auth-demo-a31e2",
    "storage_bucket": "flutter-auth-demo-a31e2.appspot.com"
  },
  "client": [
    {
      "client_info": {
        "mobilesdk_app_id": "1:779344391777:android:79690df1f6ac7069",
        "android_client_info": {
          "package_name": "foo.flutterauthdemo"
        }
      },
      "oauth_client": [
        {
          "client_id": "779344391777-pmoc377qp69dib35q067hihn7j9v7kl6.apps.googleusercontent.com",
          "client_type": 3
        }
      ],
      "api_key": [
        {
          "current_key": "AIzaSyBDPknhuVFzCPKAlyzkaHidakgxeLLtT3g"
        }
      ],
      "services": {
        "analytics_service": {
          "status": 1
        },
        "appinvite_service": {
          "status": 1,
          "other_platform_oauth_client": []
        },
        "ads_service": {
          "status": 2
        }
      }
    }
  ],
  "configuration_version": "1"
}