id | lesson_id | sound_base_name | pic_name | src_text | dst_text | props | notes | pos
(null) | 100 | "body" | "1793_9_20-female-proportion-human-figure-2.png" | (null) | "ร่างกาย" | (null) | (null) | 0
(null) | 100 | "head" | "cedars-sinai-edu__head200-40147.jpg" | (null) | "หัว" | (null) | (null) | 1
(null) | 100 | "neck" | "nyogmd-com__photo_head_neck.jpg" | (null) | "คอ" | (null) | (null) | 2
(null) | 100 | "torso" | "douglassimpson-wordpress-com__torso-life-drawing-pencil.jpg" | (null) | "ลำตัว" | (null) | (null) | 3
(null) | 100 | "pelvis" | "hips.png" | (null) | "เชิงกราน" | (null) | (null) | 4
(null) | 100 | "arm" | "arm.jpg" | (null) | "แขน" | (null) | (null) | 5
(null) | 100 | "leg" | "leg.png" | (null) | "ขา" | (null) | (null) | 6
