id     | lesson_id | sound_base_name | pic_name | src_text | dst_text | props | notes | pos
(null) | 130       | (null)          | (null)   | "I'd like to hear Imagine by John Lennon."  | "yak fong prayng imagine kawng john lesson" | (null) | (null) | 667
(null) | 130       | (null)          | (null)   | "It looks delicious."  | "duu na gin" | (null) | (null) | 667
(null) | 130       | (null)          | (null)   | "I'll be right back."  | "maa diao" | (null) | (null) | 667
(null) | 130       | (null)          | (null)   | "good morning"  | "aruun sawat" | (null) | (null) | 667
(null) | 130       | (null)          | (null)   | "good evening"  | "la dtree sawat" | (null) | (null) | 667
(null) | 130       | (null)          | (null)   | "light on"  | "sawang" | (null) | (null) | 667
(null) | 130       | (null)          | (null)   | "lignt off"  | "meu-et" | (null) | (null) | 667
(null) | 130       | (null)          | (null)   | "week"  | "sabdaa" | (null) | (null) | 667
(null) | 130       | (null)          | (null)   | "believe"  | "chua" | (null) | (null) | 667
(null) | 130       | (null)          | (null)   | "skin"  | "piew nawng" | (null) | (null) | 667
(null) | 130       | (null)          | (null)   | "sew"  | "yep pha" | (null) | (null) | 667
(null) | 130       | (null)          | (null)   | "to be interested"  | "sohn jai" | (null) | (null) | 667
(null) | 130       | (null)          | (null)   | "don't (forceful)"  | "yak" | (null) | (null) | 667
(null) | 130       | (null)          | (null)   | "how to say in thai"  | "puut yang gnai pasa thai" | (null) | (null) | 667
(null) | 130       | (null)          | (null)   | "pharmacy"  | "lan kai ya" | (null) | (null) | 667
(null) | 140       | (null)          | (null)   | "cinnamon"  | "op choie" | (null) | (null) | 667
(null) | 140       | (null)          | (null)   | "bhu-mee with everything sep broth"  | "bhu-mee hang kaw naam soup duay" | (null) | (null) | 667
(null) | 140       | (null)          | (null)   | "vegetarian"  | "jay" | (null) | "as in, i want some vegitarian food." | 667
(null) | 150       | (null)          | (null)   | "he ma, sounds like 'snow' in thai. but if said wrong is a dirty word.  what is the dirty word."  | "hmmm" | (null) | (null) | 667
(null) | 150       | (null)          | (null)   | "egganeggus"  | "lu tuat" | (null) | (null) | 667
(null) | 150       | (null)          | (null)   | "peggeneggis"  | "kuay" | (null) | (null) | 667
(null) | 150       | (null)          | (null)   | "peggusseggy"  | "hoy, jim, bpi (short i sound)" | (null) | (null) | 667
(null) | 150       | (null)          | (null)   | "segguck"  | "dude" | (null) | (null) | 667
(null) | 160       | (null)          | (null)   | "This is John."  | "pom chue jon" | (null) | (null) | 0
(null) | 160       | (null)          | (null)   | "I want a massage with Noi."  | "pom yak nuat gap noi" | (null) | (null) | 1
(null) | 160       | (null)          | (null)   | "Is Noi free at 6 PM?"  | "hok mohng yen noi wang mai" | (null) | (null) | 2
(null) | 160       | (null)          | (null)   | "I will be there at 6 PM."  | "pom jawng hok mohng yen" | (null) | (null) | 3
(null) | 170       | (null)          | (null)   | "lift your leg"  | "yohk kha kuen" | (null) | (null) | 667
(null) | 170       | (null)          | (null)   | "put your leg down"  | "wang kha lohng" | (null) | (null) | 667
(null) | 170       | (null)          | (null)   | "bend your knee"  | "son khao kuen" | (null) | (null) | 667

