id | lesson_id | sound_base_name | pic_name | src_text | dst_text | props | notes | pos
null | 100 | "body" | "1793_9_20-female-proportion-human-figure-2.png" | null | "ร่างกาย" | null | null | 0
null | 100 | "head" | "cedars-sinai-edu__head200-40147.jpg" | null | "หัว" | null | null | 1
null | 100 | "neck" | "nyogmd-com__photo_head_neck.jpg" | null | "คอ" | null | null | 2
null | 100 | "torso" | "douglassimpson-wordpress-com__torso-life-drawing-pencil.jpg" | null | "ลำตัว" | null | null | 3
null | 100 | "pelvis" | "hips.png" | null | "เชิงกราน" | null | null | 4
null | 100 | "arm" | "arm.jpg" | null | "แขน" | null | null | 5
null | 100 | "leg" | "leg.png" | null | "ขา" | null | null | 6
null | 100 | "stomach" | "stomach.png" | null | "ท้อง" | null | null | 7
null | 100 | "side" | "side.png" | null | "ข้าง-LOP-ตัว" | null | "ASK: my text seems to be missing a word Pen says" | 8
null | 100 | "chest" | "chest.jpg" | null | "หน้าอก" | null | null | 9
null | 100 | "breast" | "bolivar_sunny_side.png" | null | "นม" | null | null | 10
null | 100 | "back" | "ocal__nicubunu_Female_body_silhouette__back.png" | null | "หลัง" | null | null | 11
null | 100 | "back-lower" | "ocal__nicubunu_Female_body_silhouette__back-lower.png" | null | "หลัง-ช่วง-เอว" | null | "not sure about this. thai-language.com: กระเบนเหน็บ graL baehnM nepL noun the lumbar or small of the back " | 12
null | 100 | "back-upper" | "ocal__nicubunu_Female_body_silhouette__back-upper.png" | null | "หลัง-ข้าง-บน" | null | "not sure about this. " | 13
null | 100 | "hair" | "ocal__secretlondon_Female_hair.png" | null | "ผม" | null | "head hair" | 14
null | 100 | "ear" | "ocal__bionet_human_ear.png" | null | "หู" | null | null | 15
null | 100 | "forehead" | "usf-edu__52789_forehead_lg.gif" | null | "หน้าผาก" | null | "IGNORE" | 16
null | 100 | "eye-brow" | "wikipedia__180px-Eyes_chris_eyebrow.png" | null | "คิ้ว" | null | null | 17
null | 100 | "eye" | "ocal__nicubunu_Eye.png" | null | "ตา" | null | null | 18
null | 100 | "nose" | "ocal__big_nosed_man.png" | null | "จมูก" | null | null | 19
null | 100 | "cheek" | "cheek.jpg" | null | "แก้ม" | null | "IGNORE" | 20
null | 100 | "mouth" | "ocal__nicubunu_Open_mouth.png" | null | "ปาก" | null | null | 21
null | 100 | "chin" | "chin.png" | null | "คาง" | null | null | 22
null | 100 | "lip" | "ocal__laobc_Red_lips.jpg" | null | "ริมฝีปาก" | null | null | 23
null | 100 | "teeth" | "ocal__nicubunu_Mouth_with_teeth.png" | null | "ฟัน" | null | null | 24
null | 100 | "tongue" | "classichits-net-au__5_tongue.png" | null | "ลิ้น" | null | null | 25
null | 100 | "finger" | "ocal__johnny_automatic_hand__finger.png" | null | "นิ้วมือ" | null | null | 26
null | 100 | "thumb" | "ocal_thumb.png" | null | "นิ้วโป้ง" | null | null | 27
null | 100 | "hand" | "ocal__johnny_automatic_hand_-_palm_facing_out.png" | null | "มือ" | null | null | 28
null | 100 | "wrist" | "ocal__johnny_automatic_hand__wrist.png" | null | "ข้อมือ" | null | null | 29
null | 100 | "lower-arm" | "forearm.png" | null | "แขน-ช่วง-ล่าง" | null | "ASK: she just says kan. but it should be longer." | 30
null | 100 | "elbow" | "arm-elbow.png" | null | "ข้อศอก" | null | "note: joints start with kor" | 31
null | 100 | "upper-arm" | "upper-arm.png" | null | "ต้น แขน" | null | null | 32
null | 100 | "shoulder" | "shoulder.png" | null | "ไหล่" | null | null | 33
null | 100 | "toe" | "toe.png" | null | "นิ้ว เท้า" | null | null | 34
null | 100 | "foot" | "foot.png" | null | "เท้า" | null | null | 35
null | 100 | "ankle" | "ankle.png" | null | "ข้อ เท้า" | null | null | 36
null | 100 | "calf" | "calf.png" | null | "น่อง" | null | "better ? ปลีน่อง" | 37
null | 100 | "knee" | "knee.png" | null | "เข่า" | null | "better? หัวเข่า" | 38
null | 100 | "thigh" | "thigh.png" | null | "ต้นขา" | null | null | 39
null | 100 | "butt" | "butt.png" | null | "ก้น" | null | null | 40
null | 110 | "01_k__kai" | "bpic01.jpg" | null | "ก" | "ก ไก่ | ko kai | chicken |k k | mid" | null | 0
null | 110 | "02_kh_khai" | "bpic02.jpg" | null | "ข" | "ข ไข่ | khokhai | egg |kh k | high" | null | 1
null | 110 | "03_kh_khuat" | "bpic03.jpg" | null | "ฃ" | "ฃ ขวด | khokhuat | bottle [obsolete] | kh k | high" | null | 2
null | 110 | "04_kh_khwai" | "bpic04.jpg" | null | "ค" | "ค ควาย | khokhwai | water buffalo |kh k | low" | null | 3
null | 110 | "05_kh_khon" | "bpic05.jpg" | null | "ฅ" | "ฅ คน | khokhon | person [obsolete] | kh k | low" | null | 4
null | 110 | "06_kh_rkng" | "bpic06.jpg" | null | "ฆ" | "ฆ ระฆัง | khora-khang | bell |kh k | low" | null | 5
null | 110 | "07_ng_ngu" | "bpic07.jpg" | null | "ง" | "ง งู | ngo ngu | snake |ng ng | low" | null | 6
null | 110 | "08_j__jan" | "bpic08.jpg" | null | "จ" | "จ จาน | chochan | plate |ch t | mid" | null | 7
null | 110 | "09_ch_ching" | "bpic09.jpg" | null | "ฉ" | "ฉ ฉิ่ง | choching | cymbals |ch – | high" | null | 8
null | 110 | "10_ch_chang" | "bpic10.jpg" | null | "ช" | "ช ช้าง | chochang | elephant |ch t | low" | null | 9
null | 110 | "11_s__so" | "bpic11.jpg" | null | "ซ" | "ซ โซ่ | so so | chain |s t | low" | null | 10
null | 110 | "12_ch_cher" | "bpic12.jpg" | null | "ฌ" | "ฌ เฌอ | chochoe | tree |ch – | low" | null | 11
null | 110 | "13_y__ying" | "bpic13.jpg" | null | "ญ" | "ญ หญิง | yo ying | woman |y n | low" | null | 12
null | 110 | "14_d__chada" | "bpic14.jpg" | null | "ฎ" | "ฎ ชฎา | do cha-da | headdress |d t | mid" | null | 13
null | 110 | "15_t__patak" | "bpic15.jpg" | null | "ฏ" | "ฏ ปฏัก | to pa-tak | javelin |t t | mid" | null | 14
null | 110 | "16_th_than" | "bpic16.jpg" | null | "ฐ" | "ฐ ฐาน | tho than | pedestal |th t | high" | null | 15
null | 110 | "17_th_mntho" | "bpic17.jpg" | null | "ฑ" | "ฑ มณโฑ | tho montho | Mandodari, character from Ramayana |th t | low" | null | 16
null | 110 | "18_th_thao" | "bpic18.jpg" | null | "ฒ" | "ฒ ผู้เฒ่า | tho phu-thao | elder |th t | low" | null | 17
null | 110 | "19_n__nen" | "bpic19.jpg" | null | "ณ" | "ณ เณร | no nen | samanera |n n | low" | null | 18
null | 110 | "20_d__dek" | "bpic20.jpg" | null | "ด" | "ด เด็ก | do dek | child |d t | mid" | null | 19
null | 110 | "21_t__tao" | "bpic21.jpg" | null | "ต" | "ต เต่า | to tao | turtle |t t | mid" | null | 20
null | 110 | "22_th_thung" | "bpic22.jpg" | null | "ถ" | "ถ ถุง | tho thung | sack |th t | high" | null | 21
null | 110 | "23_th_thahn" | "bpic23.jpg" | null | "ท" | "ท ทหาร | tho thahan | soldier |th t | low" | null | 22
null | 110 | "24_th_thong" | "bpic24.jpg" | null | "ธ" | "ธ ธง | tho thong | flag |th t | low" | null | 23
null | 110 | "25_n__nu" | "bpic25.jpg" | null | "น" | "น หนู | no nu | mouse |n n | low" | null | 24
null | 110 | "26_b__baimai" | "bpic26.jpg" | null | "บ" | "บ ใบไม้ | bo baimai | leaf |b p | mid" | null | 25
null | 110 | "27_p__pla" | "bpic27.jpg" | null | "ป" | "ป ปลา | po pla | fish |p p | mid" | null | 26
null | 110 | "28_ph_phung" | "bpic28.jpg" | null | "ผ" | "ผ ผึ้ง | pho phueng | bee |ph – | high" | null | 27
null | 110 | "29_f__fa" | "bpic29.jpg" | null | "ฝ" | "ฝ ฝา | fo fa | lid |f – | high" | null | 28
null | 110 | "30_ph_phan" | "bpic30.jpg" | null | "พ" | "พ พาน | pho phan | tray |ph p | low" | null | 29
null | 110 | "31_f__fan" | "bpic31.jpg" | null | "ฟ" | "ฟ ฟัน | fo fan | teeth |f p | low" | null | 30
null | 110 | "32_ph_smpao" | "bpic32.jpg" | null | "ภ" | "ภ สำเภา | pho sam-phao | sailboat |ph p | low" | null | 31
null | 110 | "33_m__ma" | "bpic33.jpg" | null | "ม" | "ม ม้า | mo ma | horse |m m | low" | null | 32
null | 110 | "34_y__yak" | "bpic34.jpg" | null | "ย" | "ย ยักษ์ | yo yak | giant, yaksha |y y | low" | null | 33
null | 110 | "35_r__rua" | "bpic35.jpg" | null | "ร" | "ร เรือ | ro ruea | boat |r n | low" | null | 34
null | 110 | "36_l__ling" | "bpic36.jpg" | null | "ล" | "ล ลิง | lo ling | monkey |l n | low" | null | 35
null | 110 | "37_w__waen" | "bpic37.jpg" | null | "ว" | "ว แหวน | wo waen | ring |w w | low" | null | 36
null | 110 | "38_s__sala" | "bpic38.jpg" | null | "ศ" | "ศ ศาลา | so sala | pavilion Sala architecture |s t | high" | null | 37
null | 110 | "39_s__rusi" | "bpic39.jpg" | null | "ษ" | "ษ ฤๅษี | so rue-si | hermit |s t | high" | null | 38
null | 110 | "40_s__sua" | "bpic40.jpg" | null | "ส" | "ส เสือ | so suea | tiger |s t | high" | null | 39
null | 110 | "41_h__hib" | "bpic41.jpg" | null | "ห" | "ห หีบ | ho hip | chest |h – | high" | null | 40
null | 110 | "42_l__chula" | "bpic42.jpg" | null | "ฬ" | "ฬ จุฬา | lo chu-la | kite |l n | low" | null | 41
null | 110 | "43_a__ang" | "bpic43.jpg" | null | "อ" | "อ อ่าง | o ang | basin |* – | mid" | null | 42
null | 110 | "44_h__nkhuk" | "bpic44.jpg" | null | "ฮ" | "ฮ นกฮูก | ho nok-huk | owl |h – | low" | null | 43
null | 120 | "a" | "a.gif" | null | "–ะ" | "simple | " | null | 0
null | 120 | "aa" | "aa.gif" | null | "–า" | "simple | " | null | 1
null | 120 | "i" | "i.gif" | null | "–ิ" | "simple | " | null | 2
null | 120 | "ii" | "ii.gif" | null | "–ี" | "simple | " | null | 3
null | 120 | "ue" | "ue.gif" | null | "–ึ" | "simple | " | null | 4
null | 120 | "ueue" | "ueue.gif" | null | "–ื" | "simple | " | null | 5
null | 120 | "u" | "u.gif" | null | "–ุ" | "simple | " | null | 6
null | 120 | "uu" | "uu.gif" | null | "–ู" | "simple | " | null | 7
null | 120 | "e" | "e.gif" | null | "เ–ะ" | "simple | " | null | 8
null | 120 | "ee" | "ee.gif" | null | "เ–" | "simple | " | null | 9
null | 120 | "ae" | "ae.gif" | null | "แ–ะ" | "simple | " | null | 10
null | 120 | "aeae" | "aeae.gif" | null | "แ–" | "simple | " | null | 11
null | 120 | "o" | "o.gif" | null | "โ–ะ" | "simple | " | null | 12
null | 120 | "oo" | "oo.gif" | null | "โ–" | "simple | " | null | 13
null | 120 | "or" | "or.gif" | null | "เ–าะ" | "simple | " | null | 14
null | 120 | "oror" | "oror.gif" | null | "––" | "simple | " | null | 15
null | 120 | "er" | "er.gif" | null | "เ–อะ" | "simple | " | null | 16
null | 120 | "erer" | "erer.gif" | null | "เ–อ" | "simple | " | null | 17
null | 120 | "ia" | "ia.gif" | null | "เ–ียะ" | "compound | " | null | 18
null | 120 | "iaia" | "iaia.gif" | null | "เ–ีย" | "simple | " | null | 19
null | 120 | "ua" | "ua.gif" | null | "เ–ือะ" | "compound | " | null | 20
null | 120 | "uaua" | "uaua.gif" | null | "เ–ือ" | "compound | " | null | 21
null | 120 | "oa" | "oa.gif" | null | "–ัวะ" | "compound | " | null | 22
null | 120 | "oaoa" | "oaoa.gif" | null | "–ัว" | "compound | " | null | 23
null | 120 | "am" | "am.gif" | null | "–ำ" | "simple | " | null | 24
null | 120 | "ai" | "ay.gif" | null | "ใ-" | "simple | " | null | 25
null | 120 | "ai" | "ai.gif" | null | "ไ–" | "simple | " | null | 26
null | 120 | "aw" | "aw.gif" | null | "เ–า" | "simple | " | null | 27
null | 130 | null | null | "Will you forgive me?" | "khun ja apai hai pom dia mai" | null | null | 0
null | 130 | null | null | "inside" | "ข้าง ใน (kâang nai)" | null | null | 1
null | 130 | null | null | "outside" | "ข้าง นอก (kâang nôk)" | null | null | 2
