[ {
  "id" : 0,
  "th" : "กำลัง",
  "en" : "-ing",
  "phonetic" : "gam-lang",
  "note" : null
}, {
  "id" : 20170227,
  "th" : "รุ่น",
  "en" : "[clsfr]",
  "phonetic" : "rûn",
  "note" : "young ; adolescent ; generation ; period (Classifier for an age, period of time or generation.)"
}, {
  "id" : 20170301,
  "th" : "หรอก",
  "en" : "[!not]",
  "phonetic" : "ròk",
  "note" : null
}, {
  "id" : 0,
  "th" : "สิ",
  "en" : "[emphasis]",
  "phonetic" : "sì",
  "note" : "hmmm"
}, {
  "id" : 20170301,
  "th" : "ความ",
  "en" : "[noun]",
  "phonetic" : "kwaam",
  "note" : null
}, {
  "id" : 0,
  "th" : "นะ",
  "en" : "[polite]",
  "phonetic" : "ná",
  "note" : null
}, {
  "id" : 20170301,
  "th" : "คะ",
  "en" : "[polite]",
  "phonetic" : "ká",
  "note" : null
}, {
  "id" : 20170301,
  "th" : "ครับ",
  "en" : "[polite]",
  "phonetic" : "kráp",
  "note" : null
}, {
  "id" : 20170301,
  "th" : "น่ะ",
  "en" : "[soften]",
  "phonetic" : "nâ",
  "note" : null
}, {
  "id" : 20170301,
  "th" : "เถอะ",
  "en" : "[urge]",
  "phonetic" : "tùh",
  "note" : null
}, {
  "id" : 20170227,
  "th" : "แยะ",
  "en" :  "abundantly",
  "phonetic" : "yáe",
  "note" :"plentifully ; numerously"
}, {
  "id" : 20170301,
  "th" : "อนุญาต",
  "en" : "allow",
  "phonetic" : "a-nú-yâat",
  "note" : null
}, {
  "id" : 20170227,
  "th" : "แล้ว",
  "en" : "already",
  "phonetic" : "láew",
  "note" : null
}, {
  "id" : 0,
  "th" : "ที่",
  "en" : "at",
  "phonetic" : "têe",
  "note" : "to ; that ; which ; who"
}, {
  "id" : 20170301,
  "th" : "โต",
  "en" : "big ",
  "phonetic" : "dtoh",
  "note" : " ##grown up## "
}, {
  "id" : 0,
  "th" : "ว่า",
  "en" : "blame",
  "phonetic" : "wâa",
  "note" : "main meaning: ##say## ##tell## ##criticise##"
}, {
  "id" : 0,
  "th" : "ชง",
  "en" : "brew",
  "phonetic" : "chng",
  "note" : null
}, {
  "id" : 20170227,
  "th" : "ได้",
  "en" : "can",
  "phonetic" : null,
  "note" : null
}, {
  "id" : 20170227,
  "th" : "ชัดๆ",
  "en" : "clearly",
  "phonetic" : "chát chát",
  "note" : "clearly ; vividly ; obviously"
}, {
  "id" : 20170227,
  "th" : "สี",
  "en" : "color",
  "phonetic" : "sĕe",
  "note" : null
}, {
  "id" : 20170301,
  "th" : "หมด",
  "en" : "completely mòt",
  "phonetic" : "mòt",
  "note" : "completely ; entirely; [to be] finished ; used up"
}, {
  "id" : 20170227,
  "th" : "ถือว่า",
  "en" : "consider",
  "phonetic" : "tĕu wâa",
  "note" : "believe ; deem"
}, {
  "id" : 0,
  "th" : "วัน",
  "en" : "day",
  "phonetic" : "wan",
  "note" : null
}, {
  "id" : 20170301,
  "th" : "แยกแยะ",
  "en" : "distinguish",
  "phonetic" : "yâek yáe",
  "note" : null
}, {
  "id" : 20170301,
  "th" : "ดื่ม",
  "en" : "drink",
  "phonetic" : "dèum",
  "note" : " ##drink## "
}, {
  "id" : 20170227,
  "th" : "ขับ",
  "en" : "drive",
  "phonetic" : "kàp",
  "note" : "ride"
}, {
  "id" : 20170227,
  "th" : "โลดโผน",
  "en" : "exciting",
  "phonetic" : "lôht pŏhn",
  "note" : "thrilling ; sensational"
}, {
  "id" : 0,
  "th" : "แพง",
  "en" : "expensive",
  "phonetic" : "paeng",
  "note" : null
}, {
  "id" : 20170301,
  "th" : "รู้สึก",
  "en" : "feel ",
  "phonetic" : "róo sèuk",
  "note" : "##touch"
}, {
  "id" : 20170227,
  "th" : "อาหาร",
  "en" : "food",
  "phonetic" : "aa hăan",
  "note" : null
}, {
  "id" : 20170301,
  "th" : "ห้าม",
  "en" : "forbid",
  "phonetic" : "hâam",
  "note" : null
}, {
  "id" : 0,
  "th" : "ลืม",
  "en" : "forget",
  "phonetic" : "leum",
  "note" : null
}, {
  "id" : 20170301,
  "th" : "หน้า",
  "en" : "front",
  "phonetic" : "nâa",
  "note" : null
}, {
  "id" : 0,
  "th" : "เก็บ",
  "en" : "gather",
  "phonetic" : "kĕb",
  "note" : "##keep"
}, {
  "id" : 20170227,
  "th" : "กลุ่ม",
  "en" : "group",
  "phonetic" : "glùm",
  "note" : "##community ; crowd"
}, {
  "id" : 20170227,
  "th" : "พวก",
  "en" : "group",
  "phonetic" : "pûak",
  "note" : "##community ; party (พวก is the classifier for a group of something.)"
}, {
  "id" : 20170301,
  "th" : "ยินดี",
  "en" : "happy ",
  "phonetic" : "yin dee",
  "note" : "##glad"
}, {
  "id" : 20170301,
  "th" : "ดีใจ",
  "en" : "happy ",
  "phonetic" : "dee jai",
  "note" : "##glad ; happy"
}, {
  "id" : 0,
  "th" : "มี",
  "en" : "have",
  "phonetic" : "mee",
  "note" : "##there is"
}, {
  "id" : 20170301,
  "th" : "ยังไง",
  "en" : "how",
  "phonetic" : "yang ngai",
  "note" : null
}, {
  "id" : 20170301,
  "th" : "สักวัน",
  "en" : "in some day",
  "phonetic" : "sàk wan",
  "note" : null
}, {
  "id" : 20170301,
  "th" : "แมลง",
  "en" : "insect",
  "phonetic" : "má-laeng",
  "note" : null
}, {
  "id" : 0,
  "th" : "เป็น",
  "en" : "is",
  "phonetic" : "bpen",
  "note" : "##be"
}, {
  "id" : 20170227,
  "th" : "คัน",
  "en" : "itch",
  "phonetic" : "kan",
  "note" : "##scratch ; tickle"
}, {
  "id" : 20170301,
  "th" : "ฆ่า",
  "en" : "kill",
  "phonetic" : "kâa",
  "note" : null
}, {
  "id" : 20170301,
  "th" : "เต่าทอง",
  "en" : "ladybug",
  "phonetic" : "dtào tong",
  "note" : null
}, {
  "id" : 20170301,
  "th" : "ทิ้ง",
  "en" : "leave",
  "phonetic" : "tíng",
  "note" : null
}, {
  "id" : 20170301,
  "th" : "แบบนี้",
  "en" : "like this",
  "phonetic" : "bàep née",
  "note" : null
}, {
  "id" : 20170301,
  "th" : "จัดการ",
  "en" : "manage ",
  "phonetic" : "jàt gaan",
  "note" : " ##deal ; handle"
}, {
  "id" : 0,
  "th" : "คง",
  "en" : "may",
  "phonetic" : "kong",
  "note" : "##probaby ; might"
}, {
  "id" : 20170301,
  "th" : "เมตร",
  "en" : "meter",
  "phonetic" : "máyt",
  "note" : null
}, {
  "id" : 20170301,
  "th" : "แบบ",
  "en" : "model ",
  "phonetic" : "bàep",
  "note" : "## style ; way"
}, {
  "id" : 20170227,
  "th" : "เยอะ",
  "en" : "much",
  "phonetic" : "yúh",
  "note" : "##much more ; far more"
}, {
  "id" : 20170227,
  "th" : "ต้อง",
  "en" : "must",
  "phonetic" : "dtông",
  "note" : "##have to"
}, {
  "id" : 0,
  "th" : "จำเป็น",
  "en" : "needed",
  "phonetic" : "jam bpen",
  "note" : "##have to ; must ; need to"
}, {
  "id" : 0,
  "th" : "ไม่",
  "en" : "no",
  "phonetic" : "mâi",
  "note" : "##not"
}, {
  "id" : 0,
  "th" : "ไม่-มี",
  "en" : "not have",
  "phonetic" : "mâi-mee",
  "note" : "force icu to split"
}, {
  "id" : 0,
  "th" : "ไม่-รู้",
  "en" : "not-know",
  "phonetic" : "mâi-róo",
  "note" : null
}, {
  "id" : 0,
  "th" : "เบอร์",
  "en" : "number",
  "phonetic" : "ber",
  "note" : null
}, {
  "id" : 20170227,
  "th" : "บน",
  "en" : "on",
  "phonetic" : "bon",
  "note" : "##upon ; above"
}, {
  "id" : 0,
  "th" : "เปิด",
  "en" : "open",
  "phonetic" : "bpèrt",
  "note" : "##turn on"
}, {
  "id" : 20170301,
  "th" : "โอกาส",
  "en" : "opportunity",
  "phonetic" : "oh-gàat",
  "note" : "##chance"
}, {
  "id" : 20170227,
  "th" : "ระเบียบ",
  "en" : "order",
  "phonetic": "rá-bìap",
  "note" : "##rule ; order ; regulation"
}, {
  "id" : 20170301,
  "th" : "ส่วน",
  "en" : "part",
  "phonetic" : "sùan",
  "note" : "##portion ; component ; as for ; for"
}, {
  "id" : 0,
  "th" : "อยู่",
  "en" : "be at",
  "phonetic" : "yòo",
  "note" : "##live at ; stay"
}, {
  "id" : 20170301,
  "th" : "ปกป้อง",
  "en" : "protect",
  "phonetic" : "bpòk bpông",
  "note" : " ##guard"
}, {
  "id" : 20170301,
  "th" : "พิสูจน์",
  "en" : "prove",
  "phonetic" : "pí-sòot",
  "note" : null
}, {
  "id" : 20170301,
  "th" : "เลี้ยง",
  "en" : "provide",
  "phonetic" : "líang",
  "note" : " ##provide ; pay for ; raise ; take care of"
}, {
  "id" : 20170301,
  "th" : "เงียบ",
  "en" : "quiet",
  "phonetic" : "ngîap",
  "note" : null
}, {
  "id" : 20170301,
  "th" : "สำนึก",
  "en" : "realize",
  "phonetic" : "săm-néuk",
  "note" : null
}, {
  "id" : 20170301,
  "th" : "รอยแผล",
  "en" : "scar",
  "phonetic" : "roi plăe",
  "note" : null
}, {
  "id" : 0,
  "th" : "เห็น",
  "en" : "see",
  "phonetic" : null,
  "note" : null
}, {
  "id" : 20170227,
  "th" : "เห็นจะ",
  "en" : "seem",
  "phonetic" : null,
  "note" : null
}, {
  "id" : 20170227,
  "th" : "ป้าย",
  "en" : "sign",
  "phonetic" : null,
  "note" : null
}, {
  "id" : 0,
  "th" : "เล็ก",
  "en" : "small",
  "phonetic" : null,
  "note" : null
}, {
  "id" : 0,
  "th" : "น้อย",
  "en" : "small",
  "phonetic" : null,
  "note" : null
}, {
  "id" : 20170301,
  "th" : "งี่เง่า",
  "en" : "stupid",
  "phonetic" : "ngêe-ngâo",
  "note" : null
}, {
  "id" : 20170227,
  "th" : "แน่ใจ",
  "en" : "sure",
  "phonetic" : null,
  "note" : null
}, {
  "id" : 20170227,
  "th" : "การ",
  "en" : "task",
  "phonetic" : null,
  "note" : null
}, {
  "id" : 0,
  "th" : "ชิม",
  "en" : "taste",
  "phonetic" : "chim ",
  "note" : null
}, {
  "id" : 0,
  "th" : "ชา",
  "en" : "tea",
  "phonetic" : null,
  "note" : null
}, {
  "id" : 20170301,
  "th" : "บอก",
  "en" : "tell",
  "phonetic" : "bòk",
  "note" : null
}, {
  "id" : 20170301,
  "th" : "พวกเขา",
  "en" : "they",
  "phonetic" : "pûak kăo",
  "note" : " ##them"
}, {
  "id" : 20170301,
  "th" : "คิด",
  "en" : "think",
  "phonetic" : "kít",
  "note" : null
}, {
  "id" : 20170301,
  "th" : "วันนี้",
  "en" : "today",
  "phonetic" : "wan née",
  "note" : null
}, {
  "id" : 20170301,
  "th" : "จริง",
  "en" : "true",
  "phonetic" : "jing",
  "note" : null
}, {
  "id" : 20170301,
  "th" : "ความจริง",
  "en" : "truth",
  "phonetic" : "kwaam",
  "note" : null
}, {
  "id" : 20170301,
  "th" : "เห",
  "en" : "turn",
  "phonetic" : "hăy",
  "note" : " ## swerve## "
}, {
  "id" : 20170301,
  "th" : "น้า",
  "en" : "uncle ",
  "phonetic" : "náa",
  "note" : "is this def right? ## aunt## "
}, {
  "id" : 20170301,
  "th" : "เข้าใจ",
  "en" : "understand",
  "phonetic" : "kâo jai",
  "note" : ""
}, {
  "id" : 20170301,
  "th" : "เหลือเกิน",
  "en" : "very much",
  "phonetic" : null,
  "note" : null
}, {
  "id" : 20170301,
  "th" : "คอย",
  "en" : "wait",
  "phonetic" : "koi",
  "note" : null
}, {
  "id" : 0,
  "th" : "อยาก",
  "en" : "want",
  "phonetic" : "yàak",
  "note" : "want to"
}, {
  "id" : 20170301,
  "th" : "เรา",
  "en" : "we",
  "phonetic" : "rao",
  "note" : "##us "
}, {
  "id" : 20170301,
  "th" : "น้ำ-หนัก",
  "en" : "weight",
  "phonetic" : "nám nàk",
  "note" : null
}, {
  "id" : 0,
  "th" : "จะ",
  "en" : "will",
  "phonetic" : null,
  "note" : null
}, {
  "id" : 20170301,
  "th" : "จัก",
  "en" : "will",
  "phonetic" : "jà",
  "note" : null
}, {
  "id" : 0,
  "th" : "มั้ย",
  "en" : "y/n?",
  "phonetic" : null,
  "note" : null
}, {
  "id" : 20170301,
  "th" : "แก",
  "en" : "you",
  "phonetic" : "gae",
  "note" : null
}, {
  "id" : 20170301,
  "th" : "น้อง-ชาย",
  "en" : "younger-brother",
  "phonetic" : "nóng chaai",
  "note" : null
} ,
  {
    "id" : 20170311,
    "th" : "มา-จาก",
    "en" : "come-from",
    "phonetic" : "maa-jàak",
    "note" : null
  },

  {
    "id" : 493,
    "th" : "หวัง-ว่า",
    "en" : "hope-that",
    "phonetic" : "wăng-wâa",
    "note" : null
  },

  {
    "id" : 493,
    "th" : "มา-เด-ลีนส์",
    "en" : "Madeleine",
    "phonetic" : "ma-da-line",
    "note" : "french breakfast pastery from transporter"
  }

]