[
  {"wordsToJoin":["โรง","แรม"], "note":"hotel" },  
  {"wordsToJoin":["ว่าย","น้ำ"], "note":"swimming" }, 
  {"wordsToJoin":["น้อย","กว่า"], "note":" noi gwa = less" }, 

  {"wordsToJoin":["ข้าง","นอก"], "note":"outside - transporter.quiet.1" },   
  {"wordsToJoin":["มา","เด", "ลีนส์" ], "note":"mā-de-līns̄̒ madeleines - transporter.quiet.5" },  

  {"wordsToJoin":["รึเ","ปล่า"], "note":"y/n? - seperate makes sense, but want the meaning of them together." },  
  {"wordsToJoin":["พวก","เขา"], "note":"they" },   
  {"wordsToJoin":["คิด","ว่า"], "note":"think that" },  
  {"wordsToJoin":["งี่","เง่า"], "note":"stupid" },
  {"wordsToJoin":["แบบ","นี้"], "note":"bab nee - like this" },   

  {"wordsToJoin":["น้ำ","หนัก"], "note":"weight" },
  {"wordsToJoin":["วัน"," นี้"], "note":"today" },   
  {"wordsToJoin":["เต่า","ทอง"], "note":"ladybug" },   
  {"wordsToJoin":["รอย","แผล"], "note":"scar" },   
  {"wordsToJoin":["ความ","จริง"], "note":"truth" },   
  {"wordsToJoin":["วิล","เลี่ยม"], "note":"william  - adaline" },    
  {"wordsToJoin":["ยัง","ไง"], "note":"how" },    
  {"wordsToJoin":["เหลือ","เกิน"], "note":" very much" },  
  {"wordsToJoin":["เอ","ล", "ลิส"], "note":"Ellis  - adaline" },     
  {"wordsToJoin":["อรุณ","สวัสดิ์"], "note":" good morning" },   
  {"wordsToJoin":["เคน","เนธ"], "note":"Kenneth - adaline" },    
  {"wordsToJoin":["บี","เอ็ม"], "note":"BMW - transport" },    
  {"wordsToJoin":["คัน","ทรี่"], "note":"brother" },    
  {"wordsToJoin":["ฮัน","นี", "มูน"], "note":"honey moon" },  
  {"wordsToJoin":["มา","จาก"], "note":"come from" },

  {"wordsToJoin":["หวัง","ว่า"], "note":"hope that" },



  {"wordsToJoin":["xxyyzz","xxyyzz"], "note":"xxx" }
]

