{
    "recommender":"Washington<br/>Conservation<br/>Voters",
    "link":"http://wcvoters.org/campaigns-elections/endorsements",
    "as-of-date":"2014-08-03",
    "st-rep-d11-p1":"Hudgins",
    "st-rep-d11-p2":"Bergquist",
    "st-sen-d32":"Chase",
    "st-rep-d32-p1":"Ryu",
    "st-rep-d32-p2":"Kagi",
    "st-sen-d33":"Keiser",
    "st-rep-d33-p1":"Orwall",
    "st-rep-d33-p2":"Gregerson",
    "st-sen-d34":"Nelson",
    "st-rep-d34-p1":"Cody",
    "st-rep-d34-p2":"Fitzgibbon",
    "st-sen-d36":"Kohl-Welles",
    "st-rep-d36-p1":"Carlyle",
    "st-rep-d36-p2":"Tarleton",
    "st-sen-d37":"Jayapal",
    "st-rep-d37-p2":"Pettigrew",
    "st-sen-d43":"Pedersen",
    "st-rep-d43-p1":"Walkinshaw",
    "st-rep-d43-p2":"Chopp",
    "st-sen-d46":"Frockt",
    "st-rep-d46-p1":"Pollet",
    "st-rep-d46-p2":"Farrell",
    "ci-prop-1":"Yes"
}