{
    "recommender":"The<br/>Stranger",
    "link":"http://www.thestranger.com/seattle/endorsements-for-the-august-primary-election/Content?oid=20115881",
    "as-of-date":"2014-08-04",
    "us-rep-d7":"McDermott",
    "us-rep-d9":"Smith",
    "st-rep-d11-p2":"Bergquist",
    "st-sen-d33":"Keiser",
    "st-rep-d33-p1":"Orwall",
    "st-rep-d33-p2":"Gregerson",
    "st-rep-d34-p2":"Fitzgibbon",
    "st-sen-d36":"Kohl-Welles",
    "st-rep-d36-p1":"Carlyle",
    "st-rep-d36-p2":"Tarleton",
    "st-sen-d37":"Jayapal",
    "st-rep-d37-p1":"Santos",
    "st-rep-d37-p2":"Pettigrew",
    "st-sen-d43":"Chopp",
    "st-sen-d46":"Frockt",
    "st-rep-d46-p2":"Farrell",
    "ci-prop-1":"Yes"
}