{
    "recommender":"source",
    "link":"http://URL",
    "as-of-date":"2014-08-04",
    "us-rep-d7":"xxx",
    "us-rep-d9":"xxx",
    "st-sen-d11":"xxx",
    "st-rep-d11-p1":"xxx",
    "st-rep-d11-p2":"xxx",
    "st-sen-d32":"xxx",
    "st-rep-d32-p1":"xxx",
    "st-rep-d32-p2":"xxx",
    "st-sen-d33":"xxx",
    "st-rep-d33-p1":"xxx",
    "st-rep-d33-p2":"xxx",
    "st-sen-d34":"xxx",
    "st-rep-d34-p1":"xxx",
    "st-rep-d34-p2":"xxx",
    "st-sen-d36":"xxx",
    "st-rep-d36-p1":"xxx",
    "st-rep-d36-p2":"xxx",
    "st-sen-d37":"xxx",
    "st-rep-d37-p1":"xxx",
    "st-rep-d37-p2":"xxx",
    "st-sen-d43":"xxx",
    "st-rep-d43-p1":"xxx",
    "st-rep-d43-p2":"xxx",
    "st-sen-d46":"xxx",
    "st-rep-d46-p1":"xxx",
    "st-rep-d46-p2":"xxx",
    "ci-prop-1":"xxx"
}