# start time, end time, title, notes
# todo: add shiftMillis (as 3rd column)
00:04:50.340,00:06:11.487,Kinds of people
00:14:25.080,00:17:15.284,Chris meets Taya,not good
00:19:21.710,00:20:34.650,Walk on pier,not good
00:34:44.465,00:37:07.341,Phone home,not good
00:38:21.582,00:39:04.392,Coach 'em up,not good
00:53:49.409,00:54:54.624,Doc office
01:12:21.053,01:14:56.325,Garage hero
01:31:29.400,01:33:06.197,Need you back
01:52:22.484,01:54:04.586,Bar call
01:54:24.673,01:55:58.817,Bad dog
01:55:58.867,01:57:44.372,Shrink
01:58:20.742,01:59:33.915,Shooting range
02:01:22.390,02:03:46.167,Stick-up,timing very off. need to fix orig vtt subs (keep record).