<?xml version="1.0" encoding="UTF-8"?>
<beans xmlns="http://www.springframework.org/schema/beans"
	xmlns:xsi="http://www.w3.org/2001/XMLSchema-instance" 
	xsi:schemaLocation="
		http://www.springframework.org/schema/beans
		http://www.springframework.org/schema/beans/spring-beans-3.0.xsd">

    <bean id="deckMgr" class="lingo.flashdeck.data_db.DaoDb">
        <constructor-arg type="java.lang.String" name="driver" value="com.mysql.jdbc.Driver" />
        <constructor-arg type="java.lang.String" name="connStr"
            value="jdbc:mysql://localhost:3306/flashdeck_web" />
        <constructor-arg type="java.lang.String" name="user" value="lingo" />
        <constructor-arg type="java.lang.String" name="pass" value="x" />
    </bean>

    <bean class="lingo.flashdeck.data_db.DeckManagerDb">
         <constructor-arg ref="deckMgr" />
    </bean>
    
</beans>