<configuration>

    <contextName>heyMySlf4jContext</contextName>

    <!--
     NOTE: The logback docs say that ")" is a special char that must be escaped.
     The docs say to escape it like this "\)".  But that doesn't work.  When
     you do it, nothing else past that point on the line prints to the log.
     However, here's the escape that does work "\\)" -djk.
    -->
    <property name="logEntryFormat"
        value="${HOSTNAME}  %-12date{HH:mm:ss.SSS}  %-5level %class{0}.%method[%line] -> %msg [ %mdc{sessionId} ]%n"/>


    <property name="logDir" value="target" />

    <!-- -->
    <appender name="myAppender" class="ch.qos.logback.core.FileAppender">
        <file>${logDir}/my.log</file>
        <encoder>
            <pattern>${logEntryFormat}</pattern>
        </encoder>
    </appender>

    <appender name="myConsoleAppender" class="ch.qos.logback.core.ConsoleAppender">
        <encoder>
            <pattern>${logEntryFormat}</pattern>
        </encoder>
    </appender>


   <!-- Appender specifying the log file that catches everything else. This is typically used to log raw,
        non-contextual, stack traces with. Useful in troubleshooting -->
    <appender name="everythingElseAppender" class="ch.qos.logback.core.FileAppender">
        <file>${logDir}/everything_else.log</file>
        <encoder><pattern>${logEntryFormat}</pattern></encoder>
    </appender>

    <!-- mark says: Core logger for the application. Events will not travel up the logger hierarchy past this logger.-->
    <logger name="com.menlospark" level="DEBUG" additivity="false">
        <appender-ref ref="myAppender"/>
        <appender-ref ref="myConsoleAppender"/>
    </logger>


    <root level="ERROR">
        <appender-ref ref="everythingElseAppender"/>
    </root>

</configuration>
