{
  "version": "v4",
  "repo": "borisyankov/DefinitelyTyped",
  "ref": "master",
  "path": "typings",
  "bundle": "typings/tsd.d.ts",
  "installed": {
    "jquery/jquery.d.ts": {
      "commit": "11322524f8db9cdb921427cad84cd22fe2d4f965"
    },
    "webrtc/MediaStream.d.ts": {
      "commit": "11322524f8db9cdb921427cad84cd22fe2d4f965"
    },
    "es6-promise/es6-promise.d.ts": {
      "commit": "11322524f8db9cdb921427cad84cd22fe2d4f965"
    },
    "chrome/chrome.d.ts": {
      "commit": "11322524f8db9cdb921427cad84cd22fe2d4f965"
    },
    "filesystem/filesystem.d.ts": {
      "commit": "11322524f8db9cdb921427cad84cd22fe2d4f965"
    },
    "filewriter/filewriter.d.ts": {
      "commit": "11322524f8db9cdb921427cad84cd22fe2d4f965"
    },
    "react/react.d.ts": {
      "commit": "11322524f8db9cdb921427cad84cd22fe2d4f965"
    },
    "underscore/underscore.d.ts": {
      "commit": "11322524f8db9cdb921427cad84cd22fe2d4f965"
    },
    "string/string.d.ts": {
      "commit": "11322524f8db9cdb921427cad84cd22fe2d4f965"
    }
  }
}
