<?xml version="1.0" encoding="UTF-8" ?>
<!DOCTYPE configuration
    PUBLIC "-//mybatis.org//DTD Config 3.0//EN"
    "http://mybatis.org/dtd/mybatis-3-config.dtd">
<configuration>
    
    <environments default="development">
        <environment id="development">
            <transactionManager type="JDBC"/>
            <dataSource type="POOLED">
                <property name="driver" value="com.mysql.jdbc.Driver"/>
                <property name="url" value="jdbc:mysql://localhost/dialoger_prod"/>
                <property name="username" value="root"/>
                <property name="password" value="x"/>
            </dataSource>
        </environment>
    </environments>

    <!--

    TODO: put db conf into my own prop file and read it in at start to connect to db.
    TODO: move these mapper statements back to mybatis-db's jar.  they're details a client shouldn't need to know about.
    
      -->
    <mappers>
        <mapper resource="mybatisRuntimeConf/WordMapper.xml"/>
        <mapper resource="mybatisRuntimeConf/SentencePhraseMapper.xml"/>
        <mapper resource="mybatisRuntimeConf/SentenceLessonMapper.xml"/>
        <mapper resource="mybatisRuntimeConf/SentenceMapper.xml"/>
        <mapper resource="mybatisRuntimeConf/SentenceReplyMapper.xml"/>
        <mapper resource="mybatisRuntimeConf/SentenceLessonSentenceMapper.xml"/>
        <mapper resource="mybatisRuntimeConf/SoundSessionMapper.xml"/>
        <mapper resource="mybatisRuntimeConf/PhraseMapper.xml"/>
        <mapper resource="mybatisRuntimeConf/SentenceWordMapper.xml"/>
        <mapper resource="mybatisRuntimeConf/ReplyMapper.xml"/>
        <mapper resource="mybatisRuntimeConf/ContributorMapper.xml"/>
    </mappers>

</configuration>