<?xml version="1.0" encoding="UTF-8"?>
<!DOCTYPE generatorConfiguration
    PUBLIC "-//mybatis.org//DTD MyBatis Generator Configuration 1.0//EN"
    "http://mybatis.org/dtd/mybatis-generator-config_1_0.dtd">

<generatorConfiguration>

<!-- 
    <classPathEntry
        location="/Users/me/_dev/dialoger/dialoger_grails/lib/mysql-connector-java-5.1.6.jar"/>

-->
    <classPathEntry
        location="/home/me/.m2/repository/mysql/mysql-connector-java/5.1.18/mysql-connector-java-5.1.18.jar"/>
        
        


    <context id="MySqlTables" targetRuntime="MyBatis3">

        <plugin type="org.mybatis.generator.plugins.MapperConfigPlugin">
            <property name="targetProject" value="MAVEN"/>
            <property name="targetPackage" value="${mybatisGenMapperXmlOutputDir}"/>
        </plugin>

        <commentGenerator>
            <property name="suppressDate" value="true"/>
        </commentGenerator>

        <jdbcConnection
            driverClass="com.mysql.jdbc.Driver"
            connectionURL="jdbc:mysql://localhost/dialoger_prod"
            userId="root"
            password="x">
        </jdbcConnection>

        <javaTypeResolver>
            <property name="forceBigDecimals" value="false"/>
        </javaTypeResolver>

        <javaModelGenerator
            targetPackage="${mybatisGenJavaModelPkg}" targetProject="MAVEN">
            <property name="enableSubPackages" value="true"/>
            <property name="trimStrings" value="true"/>
            <!-- trying this because same elem at table level was being ignored. dec 19-->
            <property name="constructorBased" value="true"/>
        </javaModelGenerator>

        <!-- by using "." as targetProject, i'm trying to avoid sending this data to target. instead
        i want it to go to src/main/resources -->
        <sqlMapGenerator
            targetPackage="${mybatisGenSqlMapperXmlOutputPackage}"
            targetProject="${mybatisGenSqlMapperXmlOutputProject}">
            <property name="enableSubPackages" value="true"/>
        </sqlMapGenerator>

        <javaClientGenerator
            type="XMLMAPPER" targetPackage="${mybatisGenJavaMapperPkg}"
            targetProject="MAVEN">
            <property name="enableSubPackages" value="true"/>
        </javaClientGenerator>

        <!--
        TODO:
        - make id  field be _id in java
        - eventually, keep as much version handling out of Java and put into db. for instance,
          assign default values 0 on row insert.
             - do version increment and checking in sql and have constraint for legal insert/update/delete
        - change fooExample to fooCriteria

            <table tableName="%" >
                <property name="constructorBased" value="true" />
                <ignoreColumn column="version" />
            </table>


        -->

        <table tableName="sentence_lesson">
            <property name="constructorBased" value="true"/>
            <generatedKey column="id" sqlStatement="MySql" identity="true"/>
            <columnOverride  column="visible" javaType="com.menlospark.dialog.model.VisibilityType" />
        </table>

        <table tableName="sentence">
            <property name="constructorBased" value="true"/>
            <generatedKey column="id" sqlStatement="MySql" identity="true"/>
        </table>

        <table tableName="word">
            <property name="constructorBased" value="true"/>
            <generatedKey column="id" sqlStatement="MySql" identity="true"/>
        </table>

        <table tableName="phrase">
            <property name="constructorBased" value="true"/>
            <generatedKey column="id" sqlStatement="MySql" identity="true"/>
        </table>

        <table tableName="reply">
            <property name="constructorBased" value="true"/>
            <generatedKey column="id" sqlStatement="MySql" identity="true"/>
        </table>

        <table tableName="contributor">
            <property name="constructorBased" value="true"/>
            <generatedKey column="id" sqlStatement="MySql" identity="true"/>
        </table>

        <table tableName="sound_session">
            <property name="constructorBased" value="true"/>
            <generatedKey column="id" sqlStatement="MySql" identity="true"/>
        </table>


        <!-- join tables -->
        <table tableName="sentence_lesson_sentence">
            <property name="constructorBased" value="true"/>
        </table>

        <table tableName="sentence_phrase">
            <property name="constructorBased" value="true"/>
        </table>

        <table tableName="sentence_reply">
            <property name="constructorBased" value="true"/>
        </table>

        <table tableName="sentence_word">
            <property name="constructorBased" value="true"/>
        </table>


    </context>
</generatorConfiguration>
