<?xml version="1.0" encoding="UTF-8"?>
<beans xmlns="http://www.springframework.org/schema/beans"
       xmlns:xsi="http://www.w3.org/2001/XMLSchema-instance"
       xmlns:context="http://www.springframework.org/schema/context"
       xmlns:mvc="http://www.springframework.org/schema/mvc"
       xsi:schemaLocation="http://www.springframework.org/schema/mvc http://www.springframework.org/schema/mvc/spring-mvc-3.0.xsd
		http://www.springframework.org/schema/beans http://www.springframework.org/schema/beans/spring-beans-3.0.xsd
		http://www.springframework.org/schema/context http://www.springframework.org/schema/context/spring-context-3.0.xsd">


    <!-- Scans the classpath of this application for @Components to deploy as beans -->
    <context:component-scan base-package="lingo.flashdeck.decksvc"/>

    <!-- Configures the @Controller programming model -->
    <mvc:annotation-driven/>

    <import resource="classpath*:spring-dao-conf.xml"/>

    <!-- To enable @RequestMapping process on type level and method level -->
    <bean class="org.springframework.web.servlet.mvc.annotation.DefaultAnnotationHandlerMapping"/>
    <bean class="org.springframework.web.servlet.mvc.annotation.AnnotationMethodHandlerAdapter"/>

    <bean id="jaxbMarshaller" class="org.springframework.oxm.jaxb.Jaxb2Marshaller">
        <property name="classesToBeBound">
            <list>
                <value>lingo.flashdeck.common.deck.Deck</value>
                <value>lingo.flashdeck.common.deck.BoxItem</value>
                <value>lingo.flashdeck.common.deck.BoxType</value>
            </list>
        </property>
    </bean>

    <bean id="marshallingHttpMessageConverter"
          class="org.springframework.http.converter.xml.MarshallingHttpMessageConverter">
        <constructor-arg ref="jaxbMarshaller"/>
    </bean>

    <bean class="org.springframework.web.servlet.mvc.annotation.AnnotationMethodHandlerAdapter">
        <property name="messageConverters">
            <list>
                <ref bean="marshallingHttpMessageConverter"/>
            </list>
        </property>
    </bean>


    <bean class="org.springframework.web.servlet.view.ContentNegotiatingViewResolver">
        <property name="mediaTypes">
            <map>
                <entry key="xml" value="application/xml"/>
                <entry key="html" value="text/html"/>
                <entry key="json" value="application/json"/>
            </map>
        </property>
        <property name="viewResolvers">
            <list>
                <bean class="org.springframework.web.servlet.view.BeanNameViewResolver"/>
                <bean id="viewResolver"
                      class="org.springframework.web.servlet.view.UrlBasedViewResolver">
                    <property name="viewClass"
                        value="org.springframework.web.servlet.view.JstlView"/>
                </bean>
            </list>
        </property>
        <property name="defaultViews">
            <list>
                <bean class="org.springframework.web.servlet.view.json.MappingJacksonJsonView">
                    <property name="objectMapper">
                        <bean class="lingo.flashdeck.decksvc.MyCustomObjectMapper"/>
                    </property>
                </bean>
                <bean class="org.springframework.web.servlet.view.xml.MarshallingView">
                    <constructor-arg ref="jaxbMarshaller"/>
                </bean>
            </list>
        </property>
    </bean>


</beans>


    