<configuration>

    <contextName>heyMySlf4jContext</contextName>

    <!--
     NOTE: The logback docs say that ")" is a special char that must be escaped.
     The docs say to escape it like this "\)".  But that doesn't work.  When
     you do it, nothing else past that point on the line prints to the log.
     However, here's the escape that does work "\\)" -djk.
    -->
    <property name="logEntryFormat"
        value="${HOSTNAME}  %-12date{HH:mm:ss.SSS}  %-5level %class{0}.%method[%line] -> %msg [ %mdc{sessionId} ]%n"/>


    <property name="logDir" value="target" />

    <!-- -->
    <appender name="myAppender" class="ch.qos.logback.core.FileAppender">
        <file>${logDir}/my.log</file>
        <encoder><pattern>${logEntryFormat}</pattern></encoder>
    </appender>

    <appender name="myConsoleAppender" class="ch.qos.logback.core.ConsoleAppender">
        <encoder><pattern>${logEntryFormat}</pattern></encoder>
    </appender>

    <!-- Appender specifying the log file to catch Spring framework events. Occasionally useful in troubleshooting -->
    <appender name="springAppender" class="ch.qos.logback.core.FileAppender">
        <file>${logDir}/spring.log</file>
        <encoder><pattern>${logEntryFormat}</pattern></encoder>
    </appender>

   <!-- Appender specifying the log file that catches everything else. This is typically used to log raw,
        non-contextual, stack traces with. Useful in troubleshooting -->
    <appender name="otherAppender" class="ch.qos.logback.core.FileAppender">
        <file>${logDir}/other.log</file>
        <encoder><pattern>${logEntryFormat}</pattern></encoder>
    </appender>

    <!-- mark says: Core logger for the application. Events will not travel up the logger hierarchy past this logger.-->
    <logger name="lingo.flashdeck" level="DEBUG" additivity="false">
        <appender-ref ref="myAppender"/>
        <appender-ref ref="myConsoleAppender"/>
    </logger>

    <!-- mark says: Logger that catches events from the Spring framework -->
    <logger name="org.springframework" level="WARN" additivity="false">
        <appender-ref ref="springAppender"/>
    </logger>


    <root level="ERROR">
        <appender-ref ref="otherAppender"/>
    </root>

</configuration>
